幹嘛 搞 得 這麼 誇張,聽說 在 舉行 這 場 發佈 會 之前 就 已 有 商業 間諜 在 暗地裡 展開 各種 活動 了 
爸爸 ， 警局 的 高層 好像 也 來 了 ， 不要 喝 得 太多 啦,知道 啦 
這裡 應該 是 隨便 吃 的 吧,大概 是 吧 
不是 告訴 過 你 要用 小孩子 的 口氣 說話 嗎,這樣 可以 吧 
怎樣 ， 這樣 可以 吧,好 可怕 
難道 園子 也 被 選上 了 嗎,因為 鈴木 財團 也 出資 贊助 了 遊戲 開發 
再說 ， 你們 真的 有 被 邀請 嗎,太 失禮 了 吧 
你們 知道 嗎 ， 人 在 出生 的時候 就 已經 決定 他 的 一生 了,是 啊 是 啊 
沉睡 的 小 五郎 是 睡著 時 讓 老婆 逃掉 了 才 會 有 這個 綽號 的 吧,才 不是 在 睡覺 的時候 呢 
你們 的 父母 沒有 教 你們 什麼 叫作 公共道德 嗎,了不起 死 了 ， 不 借 你 錢 了 
大叔 ， 你 是不是 不 認識 我們 ？ 如果 和 我們 作對,明天 就 要 被 炒魷魚 了 哦 
那麼 ， 在 這 之前 ， 讓 我 先 把 你們 從 這裡 趕出去 吧,走 吧 
你 這個月 去 哪兒 了,幫 爸爸 做 事去 了 
媽媽 呢,她 說 好久 沒 回 日本 了 ， 所以 去 參加 同窗 聚會 了 
一定 是 他 很 努力 想出來 的,就 讓 他 說說 看 吧 
為什麼 啊,因為 「 繭 」 的 樣子 很 像 搖籃 
不對 ， 我 覺得 是 一 ， 表彰,那個 也 不對 
看來 他 還 真的 是 很 喜歡 這 東西,在此 類 銅像 中 有 如此 充滿 鬥志 的 姿態 真是 罕見 
大概 跟 他自己 很 像 吧,糟糕 
秀樹 ， 別在 這裡 踢球,是 
好像 有點 過分 了,才 不會 呢 
看上去 都 是 些 便宜貨,不會 吧 
這種 地方 怎麼 可能 放 貴重 的 東西 呢,說 得 也 是 
堅村 先生 在 哪裡 ， 我 想見 他,是 ， 我 馬上 去 找 他 ， 工藤 先生 
麻煩 您 簽名,先生 ， 我 也 要 
你 看起來 很 精神 ， 我 也 就 放心 了,你 也 是 
我 必須 馬上 趕回 會場,你 就 直接了當 的 說 ， 如何 
弘樹 托付 給 你的 DNA 探查 程式 ， 你 到底 打算 要 多少 錢 才 肯 賣給 我,我 並 沒 打算 向 你 勒索 ， 我 只 希望 你 能 贖罪 
主任 ， 工藤 先生 說 要見 您,打攪 了 
怎麼 了 ， 主任,這次 又 有 什麼 花樣 呢 
接下來,請 欣賞 今天 的 特別 嘉賓 
什麼 ， 洋子 也 來 了 嗎,得去 搶 最前面 的 位子 才行 
千葉 ， 封鎖 所有 的 出入口,遵命 
好像 來 了 很多 大人物,是的 
警視廳 副 總監,金融界 的 實業家 
請帶 我 過去,是 
爸爸 和 柯南 到 哪裡 去 了,警官 大人 
哦 ， 毛利,你 也 來 啦 
凶器 可能 是 兇手 珍愛 的 東西 吧,要不 就是 留下來 會 讓 人 知道 兇手 是 誰 
話說回來 ， 為什麼 開發 負責人 會呆 在 這種 地下室 呢,因為 主任 說 在 人 出入 頻繁 的 地方 無法 集中 精力 ， 所以 一個人 在 這兒 
桌上 的 鍵盤 會不會 是 死亡 訊息,什麼 
那 不是 柯南 嗎,柯南 為什麼 會 在 遊戲 參加 者 的 行列 裡 
可是 這樣 園子 你 ...,沒關係 ， 我 一點 興趣 都 沒有 
聽說 你 跟 堅村 是 長久以來 的 老朋友,知不知道 他 跟 什麼 人 有仇 
你 不是 跟 他 在一起 的 嗎,他 剛才 還 在 這裡 
難道 柯南 用了 我 送給 他 的 禮物 了 嗎,我們 走 吧 ， 博士 
辛 多拉 社長 ， 系統 發生 異常,什麼 
那是 在 兩 年前 由 被 我 當成 親生 兒子 般 疼愛 的 弘樹 所 完成 的,所以 現在 應該 跟 弘樹 是 同樣 年紀 
你 控制 孩子 們 的 遊戲 想 幹什麼,我的 目的 是 想要 讓 日本 這個 國家 重生 
為什麼 你 會 在 這裡,因為 我 擔心 你 啊 
說 了 那麼多 ， 原來 你 也 很想 參加 這個 遊戲 啊,是 呀 
這裡 似乎 有 什麼 線索,殺死 堅村 的 兇手 的 線索 
如果 大家 都 出局 的 話 ， 我們 真的 會死 嗎,我 可能 沒辦法 活下去 
為什麼 我們 會 遇到 這麼 倒霉 的 事,人家 又 不是 因為 自己 想要 而 成為 爸爸 的 孩子 的 
你們 也 和 我們 一塊 嗎,別 妨礙 我們 哦 
這是 我們 要 說 的 話 才 對,好了 好了 ， 不要 吵架 
為什麼 會 變得 如此 失控,讓 我 來 好好 說明 
弘樹 之所以 想 開發 人工 智慧,是 因為 自己 曾經 有過 這種 痛苦 的 經歷 
若 能 將 「 遵循 父母 所鋪 的 路走 就 行 」 這種 社會 現象 加以 破壞 的 話,日本 就 會 改變 
他 委託 你 調查 什麼 事,他 要 我 再 調查 一次關 於 弘樹 的 自殺 事件 
你 是 說 弘樹 不是 自殺 而是 他殺 嗎,不 ， 以 那種 情況 來說 應該 是 自殺 
堅村 先生 和 弘樹 是 什麼 關係,堅村 是 弘樹 的 父親 
要進 這裡 面去 嗎,走 吧 
工藤 先生 既然 負責 策劃 這個 遊戲 ， 應該 知道 如何 攻關 吧,是的 
只要 能 聯絡,我 就 可以 給予 指示 幫助 他們 
好 冷,穿上 這個 吧 
灰原 ， 穿上 外套 吧,哎呀 ， 謝謝 你 
我 很 怕熱 ， 沒關係 的,謝謝 
聽得到 嗎 ， 柯南,我 是 阿笠 
怎麼 了 ， 博士,聽 不見 啊 
那麼 ， 我們 怎樣 才能 找到 能 幫助 我們 的 角色 呢,剛才 警察 不是 已經 說 了 嗎 
可是 ， 那是 出現 在 柯南道爾 小說 中的 人物 吧,這個 遊戲 可能 是 個 將 現實 與 小說 融合 在一起 的 世界 
那 幫助 我們 的 人 是 那 位 夏洛克 福爾摩斯 嗎,是 ， 他 應該 是 存在 於 這個 世界 的 
真的 嗎 ， 有 福爾摩斯 的 話,就 等於 多 了 100 人 的 力量 啊 
我們 快 走 吧 ， 去 貝克 街,好 啊 ， 只要 能 見到 福爾摩斯 
喂 ， 你 不 覺得 那個 鐘 有點 怪 嗎,分針 倒 回去 了 
這是 什麼 意思,是 在 被 幹掉 之前 先 把 對方 幹掉 吧 
這麼 晚了 ， 是 哪 位,我 ， 我 叫 毛利 蘭 
喂 ， 博士,到底 是 怎麼 回事 啊 
可惡 ， 如果 孩子 們贏 了,我 就 要 把 你 這種 電腦 扔到 大型 垃圾 回收場 
就是 你們 在 兩 個 禮拜 前 幫助 福爾摩斯 先生 破案 立了 大功 吧,來 吧 ， 快請 進來 吧 
那是 什麼,福爾摩斯 僱傭 的 流浪 小孩 們 
也就是 我們 少年 偵探團 的 前輩,沒錯 
你們 先 放鬆 休息 吧,謝謝 你 
我們 該 怎麼 做 呢,那個 戴 眼鏡 的 一定 知道 
既然 是 福爾摩斯,那 他 一定 收集 了 很多 關於 開膛手傑克 的 資料 
那麼 ， 大家 分頭 來 找找 看 吧,好 ， 那 我 找 這邊 
既然 這樣,我 好 想 一直 呆 在 遊戲 裡 啊 
有 了 ， 是不是 這個,關於 開膛手傑克 的 調查 
那 傢伙 是 誰 啊,自顧 自 說 ， 我們 可 不明白 啊 
他 是 福爾摩斯 的 宿敵,控制 著 倫敦 的 黑暗 勢力 
據說 他 對 整個 歐洲 都 有著 很大 的 影響力,犯罪 界的 拿破侖 
既然 教授 不露 身影,那 我們 就 去 找 跟 他 有關 的 人 好了 
哇 ， 是 真槍 耶,放回去 ， 元 太 
可是 我們 不是 要 去見 危險 的 傢伙 嗎,還 沒 用慣 的 武器 是 派不上 用場 的 ， 只 會 惹出 麻煩 
你們 怎麼 也 進來 了,想 一個人 獨佔 功勞 ， 門 都 沒有 
他 在出 老千,你 看得出來 嗎 
你 有 我 出 老千 的 證據 嗎,當然 有 
莫蘭 ， 你 太 卑鄙 了,是 你自己 要 上當 的 
莫里 亞蒂 教授 在 哪兒,小鬼 ， 你 怎麼 會 知道 他 的 
我 被 打倒 了,這樣 我 就 還 了 你 救 我的 人情 了 
本來 打算 抓住 你們 後 再 逼問 你們 是 誰 的 手下,不過 現在 看來 沒有必要 了 
那你 就 開槍 吧,即使 教授 的 紅酒 被 打破 也 沒關係 的 話 
你 想 違抗 莫里 亞蒂 大人 嗎,我 將 他們 帶來 了 
把 那 瓶 紅酒 交給 我 吧,好 的 
你 能 和 莫蘭 上校 互相 較量,不愧 是 福爾摩斯 的 弟子 
聲音 全都 是 教授 用 腹語 講 的 ， 對 吧,沒想到 連 這 點 都 被 你 看穿 
你 是 怎麼 知道 的,因為 剛才 莫蘭 上校 對 大叔 說 「 請 等一下 」 
只有 這 點 而已 嗎,還有 一點 
你 是 在 還 他 紅酒 時 聞到 這 股 味道 的 是 嗎,是的 
為什麼 要 殺害 無辜 的 女性 呢,開膛手 變成 了 超乎 我 想像 的 殺人 惡魔 
你 要 命令 他殺 誰,看 明天 的 報紙 就 知道 了 
喂 ， 你 真的 相信 這個 老頭 說 的 話 嗎,賭賭 看 吧 
我 很 喜歡 福爾摩斯 當時 所 說 的 一句話 ， 你 知道 是 什麼 嗎,不知道 
已經 過去 的 事 即使 後悔 也 沒用 了,你們 會 這麼 想 已經 可以 算是 成長 了 
據說 是 福爾摩斯 一生 中 唯一 愛過 的 女人,也就是 把 福爾摩斯 所 愛 的 人 作為 殺害 的 目標 
請問 休息室 在 哪裡,就 在 最 裡面 貼有 海報 的 房間 
福爾摩斯 人 呢,他 本來 很 期待 今晚 的 演出 ， 因為 出去 調查 案件 了 ， 所以 沒法 來 
為什麼 要殺 我,因為 他 想 看到 福爾摩斯 失去 你 之後 悲傷 的 表情 
你 真的 無所謂 嗎 ？ 成為 開膛手傑克 的 第五 個 犧牲 者,大家 會 保護 我的 ， 不是嗎 
雖然 找不到 幫助 我們 的 角色,但 對 我們 而言 你 就是 福爾摩斯 
你 ， 你 擁有 這種 能力,沒有什麼 案子 是 福爾摩斯 解決不了 的 對 吧 
我 還 沒 問 你的 名字 呢,我 叫 江戶 川 柯南 
請 將 乘客 集中到 同一 節 車廂 中,知道 了 
那麼 各位 ， 請 舉起 雙手,好 讓 我們 確認 手上 是否 持有 凶器 
難道 說 這 隻 小 戒指 是 開膛手傑克 的 嗎,是的 
開膛手傑克 因為 很想 跟 母親 一起 參加 義賣會 所以 才 留下 戒指 的 是 嗎,嗯 ， 好像 是 這 意思 
如果 從小 就 一直 戴 著 同樣 尺寸 的 戒指 的 話 ， 你 想 那 根 手指 會 變成 什麼 樣 呢,也許 十根 手指 裡面 只有 那 根 手指 特別 的 細 
你 知道 兇手 是 誰 了 嗎,問題 在於 兇手 是 如何 準備 凶器 的 
因此 可以 想到 的 只能 是,凶器 是 從 一 開始 就 佈置 在 會場 裡 的 東西 
可是 ， 那個 東西 在 哪裡,晚會 會場 裡 的 銅像 其中 有 一 尊握 著 短劍 
要是 去拔 那個 東西 肯定 會 被 人 看到 的,趁 會場 的 燈光 熄滅 時 拔下 來 的 
可是 ， 要是 短劍 不見了 的 話 ， 應該 會 有人 發現 的 吧,他 放了 假的 在 上面 
那 現在 銅像 手上 拿 的 就是 作案 時 使用 的 短劍 咯,是的 
如果 剛才 踢 下來 的 短劍 是 真的 ， 應該 也 會 檢測出 少年 的 指紋 才 對,可是 短劍 上 只有 辛 多拉 社長 一個人 的 指紋 
聽說 銅像 上 的 短劍 是辛 多拉 家族 歷代 家傳 的 古董 寶貝 ， 是 吧,你 說 的 沒錯 
殺死 母親 ， 報了 多年 的 怨恨 後 ， 現在 你 還 想要 什麼,我 想要 活下去 
讓 流在 我 身體 裡 的 罪惡 之 血,乘著 諾亞方舟 流傳 到下 個 世紀 
這 把 短劍 呢,據說 是 一百年 前 的 連續 殺人 惡魔 ， 開膛手傑克 所 使用 過 的 凶器 
為什麼 你 不 加以 抗爭 呢,就 像 現在 的 柯南 他們 一樣 
你 知道 是 什麼 嗎,不知道 
如果 真的 可以 將 你 毀滅 的 話,為了 公眾 的 利益 我 會 很 樂意 迎接 死亡 
喂 ， 如果 不 把 列車 停下 我們 還 能 存活 下去 嗎,我們 還 不能 說 已經 贏 了 這 場 遊戲 啊 
難道 你 想 辜負 大家 的 希望 嗎,傻瓜 ， 我 也不 想 放棄 啊 
讓 大家 得救 的 唯一 方法,只有 切斷 火車頭 與 客車 車廂 的 連接 部分 才行 
可是 只 靠 我們 兩人 的 力量,根本 掰 不動 那個 連接 部分 
你們 還 沒有 渾身 浴血,你們 還 活著 不是嗎 
你們 已經 放棄 了 嗎,你們 明明 已經 把手 放在 了解 開 真相 的 繩結 上 了 
在 人生 這 條 無色 的 繩索 中 纏繞 著 一 條 叫作 殺人 的 紅色 繩索,而 我們 的 工作 不 就是 解開 這個 結 嗎 
到底 是 怎麼 回事,先 別問 ， 快 過來 
你 借用 了 諸星 的 數據 一起 參加 了 這個 遊戲 是 吧,你 是 什麼 時候 發現 的 
你 不用 擔心,現在 我 已經 把 跟 現實 世界 的 通信 切斷 了 
其實 你 相信 我們 一定 會 團結一致 克服 所有 的 危機,不是嗎 
哪怕 一次 也好,因為 我 總是 在 工作 
第一次 見面 時 說 的 那 句話 嗎,奇怪 ， 你 是 怎麼 知道 的 
我 也 是 從 新 一 哥哥 那裡 聽來 的,原來 是 這樣 啊 
還 多虧 他 纏著 我們 講,所以 這次 我們 才 得救 了 
多 里亞 先生 嗎,我 是 佛吉尼亞 · 古德曼 
進來 吧,謝謝 
給 我 兩 分鐘 時間 穿 衣服,好 的 
我 以為 你 會晚 點到,沒錯 ， 遺憾 的 是 ， 出了 點 狀況 
我 打不通 菲利克 斯 的 電話,他 出城 了 
但 他 向 我 保證 我 不會 有事 ， 他 有 個 計策 ...,他 上次 也 跟 我 這麼 說 
但 我們 仍 不知道 是 什麼 ， 我 現在 只 知道 一 件事,什麼 
你 今晚 很 可能 被 傳喚 參加 聽證會,你 在 說 什麼 
如果 我 有 想 補充 的 ， 你 覺得 我 會 到現在 還 沒 說 嗎,他們 會 提請 將 你 立即 逮捕 ， 多 里亞 先生 
為什麼 是 這 家離 你 住處 300 公里 遠 的 酒店,不知道 
把 你們 叫到 那麼 偏遠 的 地方 ， 不 覺得 奇怪 嗎,這 有 關係 嗎 
你 和 你的 情婦 以前 去過 那裡 嗎,古德曼 女士 ， 我 被 指控 謀殺 ， 這 才 是 問題 
怎麼 了,他 拿到 了 你的 手機 
我 會 解釋 一切 ， 來 貝拉 維斯塔 酒店 715 號房,這是 圈套 
醒後 最先 是 什麼 情況 ， 記得 嗎,有 敲門聲 
按 你的 說法 來看 ， 殺害 你 情婦 的 兇手 只能 是 蒸發 了,看起來 是 這樣 
酒店 職工 說 只有 你 有 鑰匙,那個 作案 現場 是 用來 陷害 我的 
誰 設 的,不知道 
出於 什麼 原因,我 不知道 
不然 你 知道 會 怎麼樣 嗎,怎麼樣 
你 會不會 被 判罪 ， 不是 我的 職責,你 錯了 
我 告訴 你 這是 場 陰謀 ， 你 會 怎麼 想,我 跟 你 說 了 怎麼 回事 ， 你 還要 我 說 什麼 
親愛的 ， 巴黎 之行 怎麼樣,法國人 太 噁心 了 
談得 不 順利 ?,我們 沒 達成 共識 
索尼 婭 ， 我 得去 機場 了,好 的 ， 你 要 回家 還是 回 巴賽隆納 待著 
登機 後 給 我 發條 簡訊 ， 我愛你,我 也 愛你 
是 誰,索尼 婭 
幾點 了,快六點 了 ， 我們 睡過頭 了 
導航 上 不是 這個 方向,往 這 條 路開 更 快 
要 我 開 嗎,來 ， 開 吧 
我 喜歡 我們 在一起 的 感覺,還 記得 我們 起初 說 過 的 話 嗎 
你 想 離開 索尼 婭 ?,不 想 
你 沒事 嗎,應該 沒事 
聽 著 ， 我們 沒錯 ， 都 怪 那 頭 該死 的 鹿,我 開得 太 靠 左 了 
你 在 說 什麼,要嘛 犧牲 他 ， 要嘛 犧牲 我們 ， 阿德 里安 
糟糕,怎麼 了 
他 要是 看到 了 什麼 怎麼辦,沒有 
他 要是 看到 了車 裡 的 人 呢,得 把 人 帶走 
你 瘋 了 嗎,他 是 目擊者 ， 懂 嗎 
你好,你好 ， 一切 都 好 嗎 
你 有 手電筒 嗎,這 車是 我 姊姊 借來 的 ， 所以 我 不知道 放 哪 了 
要 多久,修理 
拖車 ?,不是 ， 修理 
你 怎麼 來 這裡 了,我 姊姊 住 在巴 瓦斯 特羅 
你 是 做 什麼 的,我 是 開 書店 的 
你 還 沒 告訴 我 你的 名字,拉 奎爾 
拉 奎爾 ， 你的 手機 響了,沒錯 
你的 航班 是 幾點 的,我 正 想 打電話 跟 你 說 我 趕不上 了 
這裡 干擾 太多 了 ， 你 趕不上 是出 什麼 事 了 嗎,沒有 ， 只是 引擎 出了 問題 
蘿拉 ， 你 沒事 吧,我 沒事 ， 很 抱歉 我 沒 早點 打電話 給 你 
我愛你,我 也 愛你 
很 高興 認識 你,我 也 是 
你 受傷 了 嗎 ， 你的 手腕 上 有血,可能 是鹿 身上 的 
你 要 喝 咖啡 嗎,好 的 
進來 吧,不了 ， 我 就 在 這 等 
你 有 孩子 嗎 ， 我 看到 你 戴 著 ...,沒有 ， 沒有 
我 丈夫 想要 ， 我 也 想要 ， 但 工作 太忙 ， 所以 ...,別拖 太久 就 好 
留下 吃 晚飯 嗎,已經 很 晚了 ， 我 得走 了 ， 抱歉 
他 有 對 你 說 過 什麼 嗎,或許 他 改 主意 了 
為什麼 撒謊,或許 他 認識 了 一個 姑娘 
你 聽到 了 嗎,聽到 了 
你 在 這裡 有 聽到 電話鈴聲 嗎,沒 
他 出門 從 不會 不 帶 手機,他 大概 忘記 帶 了 
你 怎麼 看 ， 拉 奎爾,很遺憾 ， 太晚 了 ， 我 真的 得走 了 
不好意思,沒事 
菲利克 斯 ， 你 在 哪,我 剛 下飛機 ， 在 畢爾巴鄂 的 機場 
佛吉尼亞 · 古德曼 在 我 這 ， 她 說 控方 比 我們 領先 一步,領先 一步 ? 
你 什麼 時候 回來,今晚 ， 把 電話 給 她 
菲利克 斯 ?,怎麼 回事 
有 個 新 的 證人 ， 現在 在 法院 了,佛吉尼亞 ? 
報告 中 沒有 這個 ， 你 怎麼 知道,這 和 細節 有關 ， 多 里亞 先生 
這是 什麼 意思,聽 著 
然後 呢,這 名 女子 的 車牌 號 
你 為什麼 那麼 緊張,你 不 告訴 我 ， 我 沒法 幫 你 
你 跟 那 起 男孩 失蹤案 有關 嗎,我 當時 不在 巴黎 
我 和 一個 女人 在一起,所以 伊娃 證明 不了 你 去過 巴黎 
你 能 偽造 成 我 去過 嗎 ， 幫 我 搞 個 不 在場 證明 ?,我 有的 選 嗎 
我 還有 一 件事 要 你 幫忙,什麼 
我 不 想 警方 報告 中 有 我,我 會 處理 
你 告訴 她 警方 要 你 指認 她 時 ， 她 什麼 反應,我 沒 跟 她 說 過 這個 
你 在 哪 給 我 打電話,電話亭 
在 有 監視器 的 地方 打電話 很不 明智 啊 ， 多 里亞 先生,我 知道 ， 我 當時 很 緊張 
那你 什麼 時候 打的 ， 為什麼 打,我 意識到 她 會 不擇手段 的時候 
準備好 出海 遊玩 了 嗎,我 剛 接到 個 重要 電話 ， 我 要 去 跟 李 先生 會面 
你 在 哪 給 我 打電話,電話亭 
這是 什麼,那個 男孩 的 錢包 
你 當 陪審團 是 白癡 嗎,蘿拉 曾 在 銀行 上班 
難道 蘿拉 一直 在 學習 這 方面 的 知識 ?,或許 她 丈夫 幫忙 了 
你 知道 你 做 了 什麼 嗎,你 覺得 呢 
怎麼 了,怎麼 了 ， 別 那樣 看 著 我 
你 沒 報警 ， 因為 你 知道 這麼 做 是 對 的,不是 ， 這麼 做 是 錯 的 
多 里亞 先生 ， 你 感覺 怎麼樣,非常 高興 
你 知道 我 是 誰 嗎,我 只 知道 你 不是 伊凡 · 索托 
你 怎麼 確定 呢,我 跟 你 說 過了 
我的 兒子 在 哪,我 向 你 保證 ， 你 搞錯 了 
是不是 被 你 處理掉 了,就 像 這樣 ? 
地址 ?,別爾赫聖 雷蒙 街 5 號 
會 讓 你 想到 什麼 呢,讓 我 想到 那 家 酒店 的 謎團 
出於 什麼 目的 呢,為了 勒索 我們 ， 他 知道 我們 是 罪魁禍首 
你 有 更好 的 主意 嗎,我 問 你 三 個 問題 
你 明白 了 嗎,給 控方 的 回答 要 確切 
你 找 了 個人 教 我 在 受審 時 怎麼說 ?,她 是 打官司 的 最佳 律師 
你 瞭解 橫向 思維 的 概念 嗎 ， 多 里亞 先生,就是 改變 角度 去 看待 已 給 的 問題 
如果 謎團 的 答案 並 不在 那 間 房間 裡面 ， 而是 在 外面 呢,她 現在 在 別爾赫 附近 上班 ， 離家 20 分鐘 的 路程 
是 那樣 嗎,你 自投羅網 ， 還 送上 了 蘿拉 
午安,午安 
有人 嗎,裡面 沒事 吧 
晚安,晚安 
你 為什麼 不 說出 真相,因為 對於 湯瑪斯 · 加里 多不留 蹤跡 地 消失 一 事 ， 我 想 聽聽 你的 說法 
你 不是 來給 我 辯護 的 嗎,那就 做好 你的 工作 
我 向 你 保證 ， 我的 連勝 記錄 不會 在 我 最後 一起 案子 上 被 打破,所以 ， 從 現在 起 ， 你 要 按 我 說 的 做 
從 現在 起 ， 別 再 有所 隱瞞,沒有 了 
沒有 了 ?,沒有 了 
這 有 什麼 錯 嗎,你 說 的 一切 或許 都 發生 了 
但 如果 是 你 打破 了 永不 相見 的 約定,而 不是 蘿拉 呢 
你 在 幹嘛,我 在 報警 
他 要是 看到 了 什麼 怎麼辦,沒有 
那就 向 我 承認 你 殺 了 蘿拉,我 承認 
你 有 咖啡 嗎,有 
菲利克 斯,怎麼 搞 的 
我 手機 關機 了 ， 有 什麼 事,我 找到 他 了 ， 能 說 你 當時 不在 那 
我們 可以 信任 他 嗎,絕對 可以 
你 和 佛吉尼亞 · 古德曼 怎麼樣,我 不得不 把 所有 的 事 都 告訴 了 她 
所有 的 事 ?,所有 的 事 
你 覺得 怎麼樣,你 說 得 沒錯 
她 真的 很棒,我們 可以 信任 她 
哪來 的,你 不是 很 聰明 嗎 ， 你 告訴 我 啊 
我們 只 想 找到 他 ， 把 他 安葬,對 司法 機關 失望 的 他們 ， 決定 觀察 敵人 ， 伺機而動 
這裡 是 警局 ， 有 什麼 需要 幫助 的 嗎,我 是 丹尼爾 · 加里 多 的 父親 
你 說 誰 很 囉嗦,喂 ， 不要 突然 跳出來 啊 ， 白癡 
你 才 是 白癡 呢 ， 在 對 著 誰 說話 啊,我 在 用 通俗易懂 的 語言 給 各位 觀眾 解釋 呢 
這麼 說 你 還是 不能 回來 嗎,是 啊 ， 忙著 調查 案子 
聽說 那個 京都府 警綾 小路 警部 和 白鳥 警部 是 同時 進入 警界 的,是 啊 ， 聽說 是 官宦 子弟 ， 外號 「 貴族 警部 」 
那 ... 那是 什麼,是 他 的 寵物 斑紋 松鼠 
聽說 一直 帶 在 身邊 的 哦,是 個 比 白鳥 還要 怪 的 人 吧 
關於 兇手 的 線索 呢,可以 肯定 是 個 劍道 和 弓箭 的 高手 
真是的 ， 這不 是 很 重要 的 東西 嘛,是 啊 ， 一定要 收藏 好 才行 
平次 你 要 出去 嗎,是 啊 ， 有些 事情 想 調查 一下 
有 什麼 事 嗎,本來 想 找 你 一同 去友 呂岐 綠地 看 櫻花 的 
真 羨慕 柯南 可以 去 京都 啊,好像 是 毛利 接到 了 一個 叫山 能寺 的 寺廟 的 委託 
怎麼辦,試試看 吧 
你們 三 個 都 知道 弁慶 是 誰 吧,是 義經 的 家將 對 吧 
義經 是 誰 啊,乳 名叫 牛若丸 
我們 可以 去 京都 了,可是 答對 的 是 小哀 啊 
你 就是 那個 有名 的 毛利 小 五郎 嗎,哪裡 ， 我 這麼 有名 嗎 
聽說 寺裡 有件 十二年 才 展出 一次 的 密寶,是的 ， 就是 藥師如來 的 佛像 
我們 也 很想 看 所以 才 特地 過來 的,這樣 的 話 藥師如來 也 會 很 高興 的 哦 
什麼 ， 主 佛像 被 偷 了,是的 ， 那 已經 是 八年 前 的 事 了 
來 啊 ， 你 也 介紹 一下 嘛,好 的 
該 怎麼 答謝 你 呢,不用 了 ， 又 不是 什麼 了不起 的 事 
下次 一定 記得 來 店裡 玩,回去 小心 一點 
這一 點 又 是 什麼 呢,不過 是 弄髒 了 吧 
喂 喂 ， 真的 假的 啊,找 佛像 的 事 就 交給 專家 
我們 去 參觀 京都 吧,就 這樣 就 這樣 
柯南 也 一起 去 吧,我 就 不 去 了 
大 哥哥 ， 把 竹刀 還給 我 啊,不好意思 ， 謝謝 啊 
喂 ， 我們 走 吧,要 好好 練習 哦 
你 在 這種 地方 做 什麼,那你 又 是 在 做 什麼 呢 
在 關西 說到 偵探 的 話 應該 是 我 吧,他們 可能 是 不 想 讓 警察 知道 吧 
下一個 在 哪裡,蹴上 斜坡 
你 在 笑 什麼,對不起 對不起 ， 你 繼續 
好像 在 哪裡 看到 過,真的 嗎 
誰 也 有 和 這一 樣 的 珠子 嗎,沒有 
那麼 ， 她 知道 這 件事 嗎,雖然 我 沒有 和 她 詳細 說 過 ， 但 她 好像 是 知道 的 
她 知道 這 件事 是 因為,雜誌 的 採訪 報道 
這是 什麼 啊,只是 個 水晶 珠子 而已 
那你 認識 那個 女孩子 嘍,我 怎麼 可能 認識 呢 
而且 連 自己 小時候 的 照片 都 登上 去 了,真 可愛 
這裡 可是 鐵軌 啊,別 和 我 說話 ， 會 分心 的 
那 傢伙 應該 就是 殺害 源氏 螢 成員 的 兇手 吧,可能 吧 
你 為什麼 會 在 這裡,在 街上 偶然 碰到 了 工籐 
那麼 ， 畫裡 的 謎題 解開 了 嗎,還 沒 ， 很難 啊 
你們 幾個 怎麼 來 了,是 住持 告訴 我們 的 
你 認識 嗎 ， 平次,算是 吧 
是 我 約 他 來 的 嘛,是 啊 
好像 每個人 都 有本 《 義經 記 》 呢,我 也 有 啊 ， 那 可是 本 好書 
安宅 是 什麼,是 能劇 的 一個 劇目 
為什麼,為了 騙 過關 口 的 看守 
您 可以 去 隔壁 的 房間,不用 了 ， 下面 的 房間 就 可以 
可以 看見 河 呢,是 鴨川 
受 了傷 嗎,是 啊 ， 一點點 
是不是 很 關心 那個 舞妓 啊,白癡 ， 胡說 什麼 呢 
怎麼 了,我 想起 了 以前 和 小蘭 約好 見面 的 事情 了 
對不起 ， 其實 我 完全 ...,太好了 
小蘭 ， 打電話 報警,是 
是 高中生 偵探 ， 服部 平次 嗎,是的 
在 警察 來 之前 大家 都 到 剛才 的 房間 去 等 著 吧 ， 絕對 不可以 出去,知道 了 
你 怎麼 看 ， 是 外面 的 人 幹 的 嗎,雖然 不能 說 完全 不可能 ， 但是 如果 大門 被 打開 發出 了 聲音 ， 老闆娘 應該 會 注意到 
為什麼 水尾 去 上廁所 的時候 千賀 鈴要 陪 著 他 呢,舞妓 們 好像 都 是 這麼 做 的 
這是 什麼,那 幅畫 的 複印 件 
櫻 先生 就是 伊勢 三郎 ？,是 啊 ， 他 好像 也 是 源氏 螢 的 成員 
那 不是 很 有可能 櫻 先生 隨身 帶 著 原件 ， 然後 被 兇手 拿走 了 嗎,原來如此 
在 外面 的 共犯 把 兇器 從 河裡 撿走 了,這是 不可能 的 
為什麼 啊,今晚 是 滿月 ， 外面 很 亮 的 啊 
還有 ， 你 是 誰 來著,我 是 警視廳 的 白鳥 
還 痛 嗎,有 一點 
警部 先生 ， 那 把 短刀 呢,現在 正在 化驗 
什麼 證據,證明 那 把 短刀 是 殺害 櫻 先生 的 兇器 的 證據 
沒關係 嗎 ， 不 呆 在 醫院 靜養,沒關係 啦 
該 不會 那個 戴 老翁 面具 的 就是 你的 初戀 情人 吧,怎麼 可能 有 這種 事 
各位 有 誰 練過 射箭 嗎,射箭 嗎 ， 沒有 
請進,好 的 ， 多謝 
以後 也 請 多多 捧場,哪裡 哪裡 
剛才 你 唱 的 是 什麼 歌,我們 叫 它 手球 歌 
你 該 不會 認為 她 就是,絕對 沒錯 
你們 幾個 怎麼 來 了,我們 答對 了 博士 的 問題 
可是 元 太 他迷 了路,那就 用 偵探 徽章 啊 
所以 想用 你的 那個 眼鏡 來 找 一下,OK ， 就 交給 我 吧 
這 東西 還 真是 方便 啊,是 啊 
不 覺得 很 奇怪 嗎,確實 奇怪 
哪兒 奇怪 啊,比如說 如果 白鳥 他 一個人 戴 著這 三樣 就 很 自然 
怎 ， 怎麼 回事,肚子 餓 了 
你 真的 知道 殺害 櫻 先生 的 兇手 是 誰 了 嗎,是的 
他 沒問題 的 吧,總之 先 聽 他 說完 
可是 我 剛剛 才 開始 學 ， 怎麼 可能 殺 得了 人 呢,我 也 是 這樣 想 的 
服部 ， 八年 前 你 偷偷 溜進 去 的 就是 山能 寺 吧,你 怎麼 知道 
可是 這 顆 水晶 珠 恐怕 不是 你的 初戀 情人 掉 的 哦,你 說 什麼 
我 餓 了,是 嗎 ， 我們 馬上 就 到家 了 
這個 玉 龍寺 ， 現在 在 哪裡,在 鞍馬山 的 深山 裡 
為什麼 特地 選擇 在先 斗町 而 不是 別的 地方,因為 只有 那裡 的 茶屋 後面 有 河水 流過 
怎麼 知道 我 是 兇手 的,因為 你 刻意 假裝 自己 不會 射箭 
你 想 獨佔 佛像 果然 還是 為了 錢 吧,沒錯 ， 不過 並 不是 為了 私慾 
你 只是 在 利用 龍圓 先生 而已 吧,沒錯 ， 之前 聽 他 提到 過 佛像 的 事 
如果 你 告訴 我 佛像 藏 在 哪裡 的 話,什麼 
快 說 ， 佛像 到底 在 哪裡,就 在 這個 寺院 裡 
這 就是 所謂 的 騎驢 找驢 吧,你 胡說 
你 是 誰,工籐 新 一 
那麼 平次 的 狀況 呢,明天 做 全面 檢查 前 必須 靜養 ， 所以 工籐 拜託 我 好好 看 著 他 
我 可 沒有 那麼 黑 喲,是 嗎 
連 小蘭 都 不能 說 嗎 ， 為什麼,反正 見不到 ， 還不如 不知道 的 好 
找到 了 嗎,還 沒有 
你的 表情 還是 和 那時侯 一樣 呢,怎麼 搞 的 ， 大汗淋漓 呢 
平次 ， 在 弁慶 的 抽屜 裡 有刀,什麼 ， 這個 櫃子 裡邊 嗎 
你們 去 抓 那個 小姑娘,是 
醒過來 了 嗎,爸爸 
短劍 嗎,這 可不是 一般 的 短劍 
刃 上塗 了 見血 封喉 的 劇毒 哦,什麼 
想 成為 義經 的 弁慶 是 嗎,若 你 是 弁慶 ， 義經 早 在 當年 那個 安宅 關口 斃命 了 
服部 少年 和 毛利 名偵探 嗎,看來 你的 修行 還是 不夠 呢 
之前 把 你們 兩 個 誤 想成 了 兇手 ， 實在 抱歉,沒關係 了 
見到 初戀 情人 了 嗎 ， 平次,一輩子 都 不會 告訴 你的 ， 笨蛋 
有 什麼 嘛 ， 小氣鬼 ， 告訴 人家 嘛,也 可以 ， 再 過 1500 年 也許 會 告訴 你 
要 一個 冰淇淋,好 的 ， 300 日圓 
嘿 ！,是 她 ， 瑞奇 威家 的 姑娘 多 舒坦 哪 
可 有的 人得 拼命 幹,戴茜 ！ 站好 
歡迎 您 來 伍德 莊園 ， 瑞奇 威 小姐,祝願 您 過得 愉快 謝謝 ， 巴恩斯 特 ， 我 會 愉快 的 
也許 您 想見 見 他們 ？,待會 ， 我 想 看看 花園 修 的 怎樣 
設計師 還 沒 來 呢 ， 快 去辦 ， 巴恩斯 特,遵命 
真 抱歉 ， 你的 管家 沒 告訴 我,這 沒什麼 ， 沒什麼 
你 太 美 了,謝謝 ， 你 也 總 這麼 美 
茶給 您 放 哪兒 ， 小姐 ？,放在 客廳 裡 
露易 絲 她 怎麼 了 ？ 想 男人 了 ， 還有 什麼,她 一心一意 地 想 嫁給 一個 埃及人 
她 根本 不瞭解 那個人 我 派人 去 調查 了 一下,結果 呢 ？ 那個人 是結 過婚 的 
所以 你 就 制止 了 ？,你 說 對了 我 還 叫 她 別 指望 我 會 給 她 嫁妝 
噢 ， 林內 特,噢 ， 真 漂亮 你 喜歡 我 很 高興 
有 件事 我 想 跟 你 說說 想請 你 幫 個 忙,你 盡管 說 吧 這 可不是 件小 事 
我 訂婚 了,傑基 ， 這 太好了 
給 他 找 個 事 ？ 找事 ？,這 這兒 ， 伍德 莊園 ， 行 嗎 ？ 
你 不 覺得 應該 先 說說 他人 怎麼樣 ？,嗯 ， 他 叫 賽蒙 ， 賽蒙 多爾 他 是 … 他 是 我 最 中意 的 人 了 
傑基 ， 你 喜歡 嗎 ？,喜歡 啊 
噢 ， 真 漂亮,可不是 嘛 
他 喜歡 鄉村,能 在 這兒 找 個 事 那 最 理想 了 
哦 ， 林內 特 我 要不 嫁 他 我 就 寧可 去死,真的 ， 寧可 去死 
你 太 癡情 了,是 啊 
好 吧 ， 要 我 幫 什麼 忙 ？,你 現在 有 了 這麼 大一 個 莊園 總得 有 個人 替 你 管管 
我 想要 個 有經驗 的 聽 我 說 …,賽蒙 … 他 在 劍橋 學 產業 經營 管理 的 他 很 適合 
你 這麼 吧 你 要不 喜歡 ， 可以 辭了 他 ， 我 知道 你 會 喜歡 的,好 吧 ， 你 明天 把 他 帶來 
好,讓 我 先 看看 謝謝 
她 要 不用 我 ， 那 多 難堪 啊 放心 吧,林內 特 答應 了 ， 差不多 答應 了 
林內 特 不見得 會 喜歡 我,胡扯 ， 她 會 喜歡 你 
你 幹 這 事 最 合適 了 ， 最 合適,我 盡可能 不 叫 你 失望 
賽蒙 ， 我 真愛 你,你 叫 我 太 高興 了 
我們 去 埃及 度 蜜月,這次 你 埃及 可 去成 了 
林內 特 ， 他 來 了,下來 別 鬆手 啊 ， 親愛的 
就是 他 ， 我的 賽蒙,你好 ， 傑基 說 了 你 很多 好話 
他 合適 嗎 ， 他 好 嗎 ？,是 ， 我 看 他 倒挺 合適 
布萊梅 號 今晚 上 啟航 我 還 能 趕得上,你 想 去 買通 那些 英國 律師 ？ 不 ， 傻瓜 
那 幹嗎 ？,我 到 埃及 去 她 不是 在 那兒 度 蜜月 嗎 
他們 在 度 蜜月 ， 她 不會 那麼 清醒 你懂 了 嗎 ？,可是 林內 特 並不 傻 ， 潘寧 頓 
你 這麼 仔細 研究 什麼 ？,她 的 相片 ？ 還是 項鏈 ？ 
你 說話 可 要 謹慎 點 ， 鮑爾斯 留神 我 把 你 辭了,我 在乎 這個 ？ 
華盛頓 有錢 的 寡婦 多 著 呢,都 想雇 個 能 按摩 按摩 又 能 順從 她們 的 人 你 要辭 就 辭 吧 
好 大 脾氣 ， 鮑爾斯 看來 你 需要 散散心 了,那麼 到 尼羅河 去走 一趟 好 嗎 ？ 
那 地方 我 可是 討厭 透了 ， 我 最 受不了 的 就是 天熱 和 異教徒,那 好 ， 我們 去 
幹嗎 不裝 個 自動 電梯,懶骨頭 ！ 懶骨頭 ？ 
想到 快到 快 到 比 真的 到了 還有 味兒,多美 呀 ！ 
快活 嗎 ， 親愛的 ？,小 傻瓜 ， 我們 是 最 幸福 的 人 ， 最 美 的 人 ， 最 幸運 的 人 ， 最 孤獨 的 人 就 我們倆 ， 沒 別人 
傑基 … 你 在 這兒 幹什麼 ？,看看 風景 ， 跟 你們 一樣 
可 在 威尼斯 和 不列顛 我們 也 都 碰見 你 了,真是 太 巧了 
她 總是 跟著 我們 ， 存心 的,是 這樣 ， 簡直 不能 容忍 
騷貨 ！ 我們 到 哪兒 她 都 蹦出來 就 像 一 隻 袋鼠 在 發情,簡直 不能 理解 她 
我 看 這 都 得怪 我,是 嗎 ？ 
是 我 毀了 婚約 娶 了 你,她 當然 很不 高興 
我 看 她 心裡 得意 的 很 哪,不 ， 親愛的 
我們 是 幸福 的 ， 別 讓 傑基掃 了興,當然 
這是 美好 的 蜜月 誰 都 別想 破壞 它,我愛你 
瑞斯 上校 ！ 你好 啊 見到 你 真 高興,我的 老朋友 ， 好極了 ， 好極了 是 啊 
好久 沒 見到 你 了 ， 自從 … 那個 砍下 牧師 腦袋 的 離奇 案件 後,是 啊 ， 是 啊 
我 至今 還 覺得 你 真 運氣 從 煙囪 裡 把 刀 找出來,運氣 ？ 對 我 來說 是 運用 大腦 的 結果 
運氣 ， 我 留給 別人 了,對了 ， 我 忘了 你 對 自己 的 評價 了 
請問 你 來 這兒 幹嗎 ？ 我 是 來 度假 的 ， 坐 船到 尼羅河 上 遊玩 玩 ， 你 呢 ？,真巧 ， 我 也 是 哦 … 
換句話說 你 想 跟蹤 某 個 遊客,哦 ， 不 ， 不僅僅 是 來 度假 ， 朋友 ， 跟 你 一樣 
這 椅子 有主 嗎 ？ 這 世界上 ， 同志 ， 都 是 有主 的,什麼 ？ 哦 ， 沒 關系 ， 坐 吧 
謝謝 ， 你 在 讀 《 資本論 》 ？,啊 ， 我 出門 總 帶 著 
我 是 貝斯 納 大夫 我的 貝斯 納 學院 在 蘇黎世,簡福 克森 ， 世界 的 公民 
你 是 來 度假 的 吧 ， 啊 ？,不 ， 我 是 來 觀察 資本主義 制度 衰亡 的 ， 朋友 
眼前 就是 個 很好 的 標本 百萬富翁 的 女繼承人,寄生蟲 你 不滿意 ？ 
她 讓 我 惡心 在 任何 合理 的 社會 裡 …,是 啊 ， 也許 你 對 她 的 權利 也 太 大 了 
先生 噢 ， 謝謝 你,乾杯 
林內 特 ， 林內 特 ， 親愛的 安德魯 大叔 真 沒想到 我 不知道 你 也 來 埃及 旅行 了,是 突然 決定 的 ， 說 實在 的 我 來度 蜜月 的 
度 蜜月 ？ 這位 就是 新郎 ？,親愛的 ， 這是 我的 美國 律師 兼 託管 人 安德魯 潘寧 頓 
你好 跟 我們 一塊 坐 吧,那 好 ， 就 稍 坐 一會兒 
真是 引人注目 啊 連 你 這 英國人 也 在 含蓄 地 盯 著 她,她 太 美 了 噢 ， 她 太 有錢 了 
你 當然 知道 她 是 誰 當然 知道,請 原諒 我 打攪 你們 剛才 我 還 跟 我的 女兒 打賭 
你 是 霍克 爾波 瑞奇 著名 的 法國 偵探,不全 對 ， 霍克 爾波洛 著名 的 比利時 偵探 
說 對了 吧 ， 羅薩利,現今 世界上 只有 一個 波洛 先生 他 是 獨一無二 的 ， 就 像 我 也 是 獨一無二 的 
我 母親 ， 薩 萊梅 奧特 伯恩 小說家,啊 ， 你 就是 薩 萊梅 久仰 了 ， 很 榮幸 
你 瞧 我們 ， 兩 位 名人 聚 在一起 了,應該說 三位 
啊 ， 認識 一下 我的 朋友 瑞斯 上校 這是 奧特 伯恩 太太 和 她 的 女兒,榮幸 ， 太 榮幸 了 ， 請 坐 ， 太太 ， 小姐 
你 現在 大概 在 寫 另一 部書 吧 太太 ， 以 埃及 為 背景 ？,你 真 聰明 絕頂 ， 怎麼 推斷 出來 的 ？ 波洛 先生 
我 是 來 感染 一下 當地 色彩 是 為 寫 我的 巨著 … 《 獅身人面像 上 的 白雪 》,這 死 沉沉 的 謎 煥發出 炙熱 的 愛 ， 就 像 這個 剛剛 從 學校 畢業 的 英國 少女 ， 能 融化 沙漠 酋長 那 顆 坦誠 的 心 
不過 我 覺得 波洛 先生 不是 個 愛 看 愛情 小說 的 讀者,他 當然 愛 看 ！ 法國人 都 愛 看 他們 才 不怕 對性 的 描寫 ， 根本 不同於 我們 國內 的 那些 大 圖書館 ， 他們 禁止 薩 萊梅 奧特 伯恩 真實 地 描寫 男女 之 愛 
也許 你 願意 跟 我 跳 個 探戈 我的 小姐 ？,飯後 稍微 地 活動 活動 
會跳 探戈 嗎 ， 上校 ？ 怕跳 不好 ， 太太,那 讓 我 來教 你 ， 就 像 從前 西班牙人 跳 的 ， 當時 叫做 奇卡 
喂 ， 波洛 先生 ， 我 看見 林內 特找 你 了 ， 她 給 你 多少 錢 讓 你 趕 我 走 ？,不 ， 我 沒有 接受 多爾 太太 的 委託 
是 作為 真誠 的 朋友 跟 你 談談 還有 什麼 ？ 你 想 說 什麼 呢 ？,說 我 這樣 是 在 當眾 出醜 ？ 說 我 瘋 了 ？ 
我 說 死 了心 吧 不要 像 埃及人 那樣 … 為了 使 靈魂 永遠 不 死 而 把 屍體 保存起來,不 ， 永遠 死 了 這 條心 
不要 往後 看 ， 要 向前 看,記住 ， 時間 能夠 醫治 一切 
你 以為 我 在 受苦 ？ 你 錯了 相反 我 覺得 很 有 樂趣,對 ！ 最 糟糕 的 正 是 你 覺得 很 有 樂趣 
這 東西 很 小 ， 卻 能 致命 ， 我 爸爸 把 我 教成 神槍手 ， 有時候 我 真 想 把 這槍 對準 她 的 腦袋 ， 然後 只要 輕輕 地 … 一扣 ， 我 越來越 想 聽 那 槍聲,我 瞭解 你的 心情 有時候 我們 也 會 有的 
我 只是 想 警告 你 … 別 讓 邪惡 鉆 進 你的 心 它 會 留在 那兒 作怪 的,心裡 要 沒 愛情 ， 邪惡 當然 降臨 
你好 啊 ， 波洛 先生 你 回 旅館 嗎 ？,還 能去 哪兒 ？ 
你 瞧 ， 把 這個 送 林內 特 她 會 喜歡 嗎 ？,那 要看 她 抽煙 嗎 ？ 她 只 抽 香煙 
對了 ， 你 跟 傑基 談過 了 嗎 ？,談 了 ， 就 在 剛才 談 的 
好 ， 但願 她 能 明白 點,她 能 明白 的 就是 永恆 的 復仇 
你 開玩笑 ？,從不 開玩笑 ， 朋友 
可 傑基 這個 人 很 固執 想要 就 要 ， 不過 呢 … 她 也 想要 過 你 ？,大概 是 吧 ， 對 ， 要過 
可 她 脾氣 可懷 呢 ， 主意 又 大都 得由 她 做主 ？,對 
男人 可 受不了 這個 ， 是不是 ？,對 對 ， 是 受不了 
我 第一次 遇見 林內 特 ， 怎麼說 呢 …,就 像 早晨 的 太陽 蓋過 了 月亮 一樣 
認識 了 她 ， 傑基 就 不 存在 了,對 ， 有些 女人 是 有 這種 力量 
可 你 怎麼 擺脫 你 目前 的 困境 ？,我 有 個 絕妙 的 辦法 而且 十拿九穩 
去 火車站 ， 越 快 越好,謝謝 
對了 ， 你 準是 貝斯 納 大夫 一 嘴 漂亮 的 德國式 小 鬍子,我 看 你 永遠 當 不了 偵探 ， 先生 
我 叫 波洛 ， 霍克 爾波洛,啊 ， 著名 的 波洛 先生 我 未免 太 失敬 了 ， 失敬 了 
我 說 ， 這樣 是不是 更 簡單 我們 告訴 你 姓名 ， 你 把 我們 訂 的 客艙 說 一下,簡單 ？ 啊 ， 那 好 啊 那 當然 簡單 啦 ， 當然 啦 ， 這樣一來 最 簡單 不過 啦 
這下 可 好了 ， 到底 把 她 給 甩掉 了,那 還 用 說 嘛 ， 你 是 天才 
賽蒙 幹得 還 不錯 吧 ？,像 童話 一樣 
你 是 瑞奇 威家 姑娘 吧 ？ 你 是範 斯凱勒 太太,我 還 當 你 不會 先 打招呼 呢 我 不大 跟 陌生人 打招呼 
噢 ， 項鏈 真美,謝謝 令人 驚奇 啊 
知道 怎麼 變 的 嗎 ？ 一粒 小小 的 沙子 鉆 進 了 一個 蚌殼 裡 ， 到 後來 就 變成 了 一 顆 寶貴 的 珍珠 ， 戴 在 你 這樣 一 位 美人 的 脖子 上,我 可 沒 這麼 想 你 應該 想 那 蚌 為此 送命 了 
我的 傭人 鮑爾斯 她 跟 世界 拳王 打過 15 個 回合 那 拳王 就此 一蹶不振,對不起 ， 瑞奇 威 小姐 
你 對 那 項鏈 又 眼饞 了,住嘴 ， 鮑爾斯 
就 因為 你 對 她 父親 有仇 … 也 用不著 這麼 粗暴 有仇 ？,她 那 該死 的 父親 毀了 我的 全家 
我 說 你 應該 感激 才 是 要不 你 不會 有幸 來 服侍 我 了,光憑 這個 ， 也 恨不得 殺 了 她 
寫 文章 還要 誹謗 人 ， 是 吧 ？,真 遺憾 你 居然 如此 看待 《 柿子樹 下 的 熱戀 》 這 本書 
要 知道 親愛的 我 寫 這 本書 是 為了 恭維 你,直 說 吧 ， 奧特 伯恩 太太 我 可 不 認為 被 人 描寫 得像 一 隻 色情狂 的 猴子 是 恭維 
我 想 還是 由 律師 來 決定 ， 你 對 我 進行 下流 地 描寫 ， 該 怎麼 賠償 我 名譽 損失 ， 再見,沒 教養 的 ！ 我 會 讓 你 知道 究竟 什麼 是 名譽 
太 不負責任 了 吧 ？,對 ， 很不 負責 
裡面 沒 半點 差錯 核對 過 了 ， 我 反復 地 核對 過,我 總是 先 看過 再 簽字 ， 我 父親 教 我的 ， 他 常 說 誰 也 別信 ， 哪怕 你 是 律師 
你 去世 的 老 爸爸 他 真會 說 笑話,是 這樣 
就是 想 喝酒 ， 你 呢 ？,好 吧 ， 看 在 新婚 份上 
但願 我 不是 在 多 管閑事 我 是 律師,我 得 說 我 非常 欣賞 你 那種 一絲 不 茍 的 態度 
你 父親 完全 正確 總要 先 看過 ， 然後 再 簽字 ， 我 想 你 也 同意 吧 ？,當然 ， 當然 反正 不 急 
我 希望 我 沒有 得罪 他 得罪 又 怎麼 了 ？ 你 是 … ？,瑞斯 ， 瑞斯 上校 得罪 又 怎麼 呢 
跟 我們 一起 喝 一 杯 吧 ？,謝謝 ， 太 謝謝 了 
你 怎麼樣 ， 波洛 先生 ？ 來 喝 一 杯 慶祝 一下,瑞斯 和 我 會 跟 你們 喝 的 過 會兒 來 
太太 ， 有話 跟 你 說,過 會兒 ， 露易 絲 
過 會兒 ， 露易 絲,不 ， 這會兒 ， 要緊 事 酒吧 間 等 你 
說 吧,我 接到 份 電報 
可是 太太 ， 你 不能不 給,得了 吧 ， 露易 絲 
我 應該 去 ， 你 把 答應 過 的 錢 給 我 吧 ， 我 已經 跟 了 你 五年 了,這是 完全 辦不到 的 
太太 ， 你 答應 過 我,可 他們 還 沒 離婚 ， 露易 絲 
我 求求 你 ， 我 要 那 筆錢 做 嫁妝 ， 我 幹活 沒 偷懶,我 沒 辭 你 前 ， 你 還 得 照樣 做 下去 
我 就 知道 你 來 不是 什麼 … 怎麼說 的 ？ 僅僅 是 度假 來著,我 可以 告訴 你 ， 我 秘密 地為 多爾 太太 的 英國 律師事務所 工作 
我們 懷疑 安德魯 潘寧 頓 在 …,侵吞 她 的 財產 ？ 
侵吞 她 的 財產 ？,就是 這麼 回事 
根據 她 父親 的 遺囑 她 一 結婚 就 可以 經營 這些 財產 ， 而 現在 她 已經 結婚 了 潘寧 頓 剛 想 讓 她 簽 一個 …,擺脫 困境 的 文件 
真的 嗎 ？,是 真的 ！ 
現在 怎樣 ？,沒什麼 
在 健全 的 世界 應該 把 她 幹掉 來 警告 別人,幹掉 ？ 
對 死者 不 存在 誹謗 ， 對 嗎 ？,你的 話 我 聽 不 太 懂 
你 是不是 回到 船 上去 休息 一下,好 吧 
有 這 事 ？,噢 ， 有 
噢 ， 這 真是 太 奇妙 了,簡直 叫 人 無法 理解 
哪裡 有 四千 年 啊 ？,這些 柱子 是 西元前 1788 年建 的 ， 我們 都 同意 你 
怎麼 回事 ？,我 沒事 ， 真的 沒事 
我 得去 參觀 阿布 辛剖 廟,那 可 真 值得 一 看 
它們 怪 可怕 的,不 ， 不 可怕 
你 還 不 打算 死 了心 啊 ？ 你 不肯 離去 ？,不 ， 我 不會 離去 
它 會為 我 發出 聲音 嗎 ？,當然 ！ 
你 怎麼 這麼 說 ？,因為 這是 事實 ！ 
最 東邊 的 ， 就是 那個 最 著名 的 會 發聲 的 塑像,真的 ？ 
真的 ？,對 
我 早就 盼 著 跟 你 私下 談一談 ， 可 一直 找不到 機會,我們 有 什麼 可 談 的 ？ 
你 在 一些 有 地位 有 名望 的 人 面前 說 了 我 不少 很不 入耳 的 話,我 說 你 是 個 庸醫 
那你 告 我 ， 你 敢 嗎 ？,你 明知道 我 不能 告 
這是 要 你 命 的 事 嘍 ？,但願 這不 會要 你的 命 ！ 
幾點鐘 了 ？,鐘在 那兒 ， 拿 眼看 嘛 
你 是 想 喝 甜酒 還是 白蘭地 ？,不 ， 謝謝 
在 蘇黎世 辦 學院 的 是 你 呀,不錯 
我 媽媽 是 好 出身,可 她 的 好 家風 沒 傳給 你 
你 肯定 帶來 了 ？,當然 帶來 了 
怎麼 哪兒 也 沒有 啊,拿 眼看 嘛 
遵命 ， 太太 晚安,晚安 
好 吧 ， 我的 披肩 呢 ？,我 沒 看見 
你 今天 好像 困 得很 ， 波洛 先生,是 啊 ， 我 非常 非常 地 … 我 實在 太困 了 ， 太太 也 說不上來 怎麼 了 我 連 眼 都 睜 不 開了 
真 對不起,噢 ， 沒事 
今晚 尼羅河 有點 起浪 了,是 啊 ， 的確 ， 是 要 翻騰 了 
再見,再見 
賞岸 去 了 ？,是 啊 ， 月光 下 可 真美 ， 可 真是 蜜月 之 夜 
來 喝 點 ？,不 ， 謝謝 
我 想 睡覺 了,我 看 是 該 睡 了 是 該 睡 了 
晚安,晚安 
不 早 了 ， 我 也 該 走 了,不 ， 你 再 坐 一會兒 
談談 你自己 的 事 ， 嗯 ？,我 沒有什麼 好談 的 
我 看 你 夠 了 吧 ？,夠 什麼 ？ 
是 沒 我的 事,對 極了 
你 怎麼 了 ， 賽蒙 ， 害怕 了 ？,害怕 什麼 ？ 害怕 我 會把 我的 一段 經歷 … 告訴 這位 可愛 的 小姐 
我 可 真得 走 了,別走 ， 是 一段 很 傷心 的 事 
她 怎麼樣 ？,一個 對 過去 情人 開槍 的 人 還 能 怎麼樣 呢 ？ 
骨頭 打碎 了 ， 而且 血流 了 不少,不要緊 
我 守著 她,好 
開 開門 ， 對,慢點 走 ， 慢點 走 
好了 ， 你 給 他 頭上 捂 塊 濕 毛巾,是 ， 醫生 
我 去 把 那 槍 撿回來,那 東西 留在 那兒 不太好 ， 是 吧 ？ 
那 東西 留在 那兒 不太好 ， 是 吧 ？,是 啊 
剛才 出事 了,知道 ， 知道 奧特 伯恩 小姐 告訴 我 了 
傷勢 很重 ， 再 給 我 一塊 布,好 ， 這 就 去 
鮑爾斯 小姐 ， 她 不要緊 吧 ？,是的 ， 我 給 她 打 了 嗎啡 
你 看 是不是 需要 告訴 你 妻子 ？,好 ， 好 吧 ， 你 去 吧 
我 給 你 做 副 夾板 等 你 睡著 了 我 給 你 夾上 ， 嗯 ？,謝謝 大夫 
誰 會把 它 拿走 ？,誰 知道 啊 ？ 
什麼 ？,沒什麼 
那 我 就 聽 你的 吩咐 了,謝謝 
大夫 ， 談談 情況 吧,是 被 很 小 的 子彈 打中 的 口徑 大概 是 . 22 ， 而且 槍口 離 腦袋 很 近 
噢 ， 你 是 說 燒焦 了 ？,對 ， 對 ， 燒焦 了 
你 看 這是 什麼 ？,哦 ， 這個 意思 很 簡單 ， 這是 多爾 太太 臨死 前 她 想 對 我們 指明 誰 是 兇手 ， 所以 就 用 手指 蘸上 血在 墻上 寫 了 J ， 傑基 
你 盡 說 些 蠢話 ， 她 當時 就 斷了氣,真的 ？ 
真的 ？,是 啊 
根本 不可能 用手 蘸 血 寫字,對 ， 對 
你 是 在 開玩笑 ？,小小 的 玩笑 ， 不過 有點 不合時宜 
大夫 ， 人 什麼 時候 死 的 ？,她 死 了 至少 有 六小時 
這 就 太 奇怪 了,怎麼 了 呢 ？ 
好極了 ， 希望 排除 嫌疑 能夠 順利 地 進行,恐怕 不會 順利 ， 上校 
至少 先生 ， 你 總 不能 懷疑 我 吧 ？,噢 ， 怎麼 不能 ？ 
你 有 充分 理由 殺 她 ， 根據 我 昨晚 的 發現,哦 ， 是 給 你 偷聽 了 
我 是 說 可以 告 她,那你 就 毀了 ！ 
可是 我 不會 做出 這種 事,這 很 難說 ！ 
當 夜深人靜 ， 你 趁著 病人 睡著 的時候 溜出 了 你的 客艙 ， 到 多爾 太太 那兒 把 她 殺 了,不 ， 大夫 先生 ， 我 不能 排除 你 你的 那些 假設 … 言過其實 ！ 
你 完全 有可能 用 它 打死 多爾 太太,我 可能 做 ， 但 事實上 我 沒 做 ！ 
所以 肯定 不可能 是 她 殺 的,對 ， 完全 不可能 
你 這 人 真 可惡 ， 你 裝得 又 善良 又 體貼 人 ， 原來 是 想 陷害 我們 ！,我 必須 查明 真相 究竟 是 什麼 
她 是 社會 上 的 寄生蟲 像 她 這樣 的 人 應該 把 她 幹掉,噢 ， 是 啊 ， 幹掉 她 來 警告 別人 
我 ？,是的 ， 你 ， 小姐 
簡直 胡扯 ， 這 話 你 聽 誰 說 的 ？,是 你 親口 說 的 ， 小姐 ， 三天 前 
你 怎麼 竟敢 偷聽 別人 的 談話 ！,刮進 耳朵 裡 的 
真的 嗎 ？,對 ， 是 真的 
你的 意思 是 說 你 給 傑基 小姐 打 了 嗎啡 之後 ， 她 一夜 沒醒 ？,是 這樣 ， 過度 緊張 、 醉酒 加上 嗎啡 ， 船沉 了 她 都 醒 不了 
可 我 幹嗎 要殺 多爾 太太 ？ 這 件事 都 過去 這麼多 年 了,因為 造成 的 後果 使 你 至今 心裡 感到 不滿 
不 ， 遺憾 的 是 ， 小姐 ， 我 不會 因為 你 抗議 就 不 懷疑 你 ， 依我看 ， 你 有 手段 有 動機 有 時機,你的 話 說完 了 嗎 ， 波洛 先生 ？ 
你的 話 說完 了 嗎 ， 波洛 先生 ？,暫且 說到 這兒 ， 如果 有 必要 ， 你 得 準備 回答 我 進一步 的 問題 
暫且 說到 這兒 ， 如果 有 必要 ， 你 得 準備 回答 我 進一步 的 問題,我 絕不 回答 你 
是 真的 ？ 林內 特 的 事 ？,千真萬確 
你們 都 以為 是 我 ， 可 我 沒 殺,安靜 點 ， 安靜 點 ， 小姐 ， 我們 知道 你 沒 殺 多爾 太太 
他 會 原諒 我 嗎 ？,會 原諒 你的 
我 看 我們 還是 先去 看 他 ， 他 現在 應該 醒了,好 主意 
這 件 案子 最 引起 我 興趣 的 就是 那 支 槍,槍 ？ 怎麼 會 沒了 ？ 
槍 ？ 怎麼 會 沒了 ？,我 不 認為 槍 這麼 重要 ， 許多 案子 兇器 常常 不見了 
在 誣陷 別人 的 案子 裡 也 這樣 嗎 ？,不 ， 為什麼 兇手 在 那 牆上 用血 寫下 了 一個 J ？ 又 拿走 傑基 的 槍 ？ 
不 ， 為什麼 兇手 在 那 牆上 用血 寫下 了 一個 J ？ 又 拿走 傑基 的 槍 ？,我 明白 你的 意思 
你 還好 吧 ？,好 ， 謝謝 
我 剛才 暈過去 了,吃 點 東西 吧 ， 吃 了 你 就 有 精神 了 
不 ， 謝謝 ， 我 吃不下,你 吃不下 ？ 
那麼 就 讓 我 來 吃 ？,你 吃 吧 ， 都 吃 了 吧 
簡直 不能 相信 林內 特死 了,太 不幸 了 
我 想 她 一定要 受 冤枉 了,可 我 知道 她 不會 下 這種 毒手 的 
那麼 依 你 看 究竟 會 是 誰 呢 ？,幾乎 誰 都 有可能 
我 來 看看 你 歇得 好不好 ？,我 好得 不能 再 好了 ， 謝謝 你 
屍體 是 你 發現 的 ， 你 總 應該 向 我們 提供 一些 情況 吧 ？,對不起 ， 你 … 你 懷疑 我 ？ 一個 正派 的 姑娘 ？ 
服侍 她 上 了 床 以後 你 去 哪兒 ？,回 我 艙裡 ， 還 能去 哪兒 ？ 
你 沒有 看見 或是 聽見 什麼 可以 提供給 我們 ？,怎麼 可能 呢 ？ 我的 客艙 是 在 船 的 另 一邊 
還要 我 說 什麼 ？,並 沒有人 懷疑 你 什麼 
你 最後 什麼 時候 離開 多爾 太太 的 ？,昨天 晚上 ， 我 幫 她 換好 睡衣 之後 
正 因為 這個 所以 你 非常 恨 她,可 我 沒 殺 她 
最後 一個 問題 ， 露易 絲 你 太太 的 珍珠 項鏈 哪兒 去 了 ？,她 的 項鏈 ？ 她 昨晚 上 還 戴 著 呢 
今天 早晨 還 在 嗎 ？,我 沒 看見 ， 我 走到 她 床前 ， 看見 太太 ， 我 大叫 起來 就 跑出來 
真 夠熱 的 ， 我 得去 換件 襯衫,對 ， 稍微 歇 會兒 ， 讓 我們 洗洗 換換 
沒什麼 ， 我 聽到 了 SOS ， 是 故意 放 的 嗎 ？,當然 是 故意 的 ， 可是 別想用 一 條 眼鏡蛇 來 阻止 調查 
偵查 得 怎麼樣 了 ？ 還 沒 抓住 什麼 人 嗎 ？,還 沒有 
我們 一塊兒 坐坐 談談 好 嗎 ？,當然 
那麼 你 就 在 多爾 太太 隔壁 吧 ？,是的 
夜裡 你 聽見 什麼 特別 的 聲音 嗎 ？,當然 聽見 了 ， 我 睡覺 一向 很 警醒 ， 
昨天 夜裡 砰 的 一聲 把 我 驚醒 了,砰 的 一聲 ？ 
砰 的 一聲 ？,一點 沒錯 ， 就 像 是 開 香檳酒 發出 的 聲音 
會不會 是 小 手槍 的 聲音 ？ 不是 開 香檳 ？,很 可能 
這是 你的 嗎 ， 太太 ？,當然 
找到 了 ， 找到 了,太妙 了 ， 太妙 了 
謝謝 ， 喬德里 先生,別客氣 
請問 你 指 的 是 什麼 呢 ， 先生 ？,我 指 的 是 波 斯坦 珍珠 項鏈 ， 太太 
原來 是 多爾 太太 的 ， 可是 被 人 奪去 了,奪去 了 ？ 
對 這位 老太太 非得 這麼 粗暴 嗎 ？ 你 好像 對 誰 都 懷疑 一 番,都 有道理 的 ， 上校 ， 難道 老太太 就 不會 殺人 了 ？ 
幹嗎 這麼 急 呀 ？,跟 你 說 ， 我 感到 有 不祥之兆 ， 越早 趕到 越好 
跟 我 一塊 來 喝 點 什麼 ？,我 不 喝 ， 謝謝 
對 ， 可 誰 會為 這 事 殺人 呢 ？,怎麼 不會 ？ 
我們 還 沒有 檢查 過 呢,真的 ， 這 就 查 
你們倆 都 給 我 走 吧,如果 我們 打擾 了 你 ， 我們 深感 不安 
打死 林內 特 的 不是 這種 槍,對 ， 當然 不是 
你們 幹什麼 ？,檢查 你的 私人 文件 ， 先生 
檢查 別人 的 東西 ， 這 也許 是 巴黎 的 習慣,可是 這兒 是 布魯塞爾 ， 先生 ！ 
你們 沒有 權力 到 我的 艙裡 來 ， 沒有 權力 ！,我們 有 權力 
這 跟 我的 文件 沒有 任何 關系,恰恰 相反 ， 它 證實 了 僅管 多爾 太太 已經 結婚 ， 你 還 企圖 控制 她 所有 的 財產 
你 能 安排 我 見見 他 嗎 ？ 只要 五分鐘 ， 可以 嗎 ？,有 什麼 不可以 呢 ？ 
那 又 怎麼 ？ 可 這 並不 犯法,你們 詐騙 委託人 就是 犯法 
她 的 事務 井井有條,但願 真的 如此 
你 按 不到 我 身上 ， 滾出去 ！ 我 聽夠 了 你 這些 廢話 ！,總有一天 ， 你 不得不 從 檢察官 口裡 聽到 更多 的 像 我 這樣 的 廢話 
啊 ， 很好 ， 體溫 下降 了,太好了 
你 怎麼樣 啊 ， 我 親愛的 ？,不好 ， 波洛 先生 ， 我 心裡 很 難過 
我 沒有 殺 她 ， 我 發誓,你 不必 說 了 ， 我 知道 
傑基 小姐 ， 現在 可以 見 他,謝謝 
昨晚 我 瘋 了 ， 差點兒 打死 你,靠 那 支 小小 的 玩具 手槍 ？ 
這 腿 還 能 走路 嗎 ？,你別 傻 了 ， 一 取出 子彈 我 就 完全 好了 
賽蒙 ， 我 心裡 很 難過,別 難過 ， 你 不必 掛 在 心上 
跟 我 一塊兒 喝 點 吧 ？,不了 ， 謝謝 
晚上好,晚上好 
請 貝斯 納 大夫,是 ， 先生 
這 對 我們 有 什麼 用 ？ 兩 個 女人 誰 殺 的 我們 還是 不知道,不 ， 這 話 不 完全 對 ， 要 知道 你 跟 我 全都 弄錯 了 ， 該 知道 的 我們 幾乎 全都 知道 了 ， 不知道 的 是 那些 我們 認為 不可思議 的 
把 屍體 抬到 冷藏室 去,是 ， 先生 
多爾 先生 ， 我 知道 誰 殺 了 露易 絲,什麼 ？ 你 說 你 知道 誰 殺 了 露易 絲 ？ 
我 必須 立刻 跟 你們 還有 大夫 談一談,我 要是 你我 就 不 進去 ， 大夫 正 發火 呢 
你 一定 是 瘋 了,不 ， 我 沒 瘋 
你 明白 了 ？,我 得 承認 我 可是 一點 不明白 
我 不許 你 來 這兒,可 我 必須 來 ， 這 太 重要 了 
我 不 願意 當 著 他 的 面說,那你 就 乾脆 別 說 了 
我 知道 是 誰 殺死 露易 絲 的 ， 我 親眼 看見 的,請 說 下去 ， 太太 
你 當時 是 朦朦朧朧 看見 的 嘍 ？,嗯 ， 是 朦朦朧朧 的 ， 但是 我的 視力 特別 好 
她 為什麼 對 我們 說 著這 話 ？,是 暗示 
可 幹嘛 要 暗示 我們 ？,她 知道 兇手 是 誰 
這是 貼近 她 的 頭部 開 的 槍 ？,一點 不錯 
我愛你,我 知道 
對 ， 可 你 還是 沒 懂 我的 意思,很 抱歉 
你 跟 他 本來 是 情人,現在 仍然 是 情人 
這不 是 真的 ， 不是 的 ！,這是 真的 ， 何必 要 抵賴 呢 
你 是 有 一點 怪 我 ， 是 嗎 ？,是的 
我們 剛剛 訂 了婚,恭喜 你 了 ， 小姐 
這個 地方 快要 像 個 殯儀館 了,天哪 ， 沒 多久 你 也 該 去 那兒 了 
謝謝 ， 再見 了,再見 ， 祝 你 好運 
你 需要 去 散散心 避 避暑,剛才 我 才 想到 要 去 戈壁灘 玩玩 
要不要 我 來開 啊 ！ 好 嗎 ？,好 啊 
那 他們 見到 了 什麼 嗎 ？,他們 不 認識 這個 女孩 ， 沒有 見過 這 輛車 ， 一無所獲 
我們 在 開車 回家 的 路上,在 回家 的 路上 ， 沒有 錯 ， 是 在 回家 的 路上 
那麼 ， 我們 怎麼 才能 救出 那 個舊 旅館 裡 的 那些 姑娘 呢 ？,你 不可能 的 ， 無論 你 做 什麼 她們 都 是 死 的 
那 我 就 不明白 了 ， 如果 我們 不能 救出 她們 ， 那 我們 測試 的 目的 又 是 什麼 ？,目的 就是 要 習慣 這些 
我 五分鐘 之內 就 可以 搞 到 她 的 電話號碼,我 只要 兩 分鐘 就 夠 了 
嗨 ， 我 想 我 認識 你 ， 對 吧 ？,你 是 ... 啊 ... 吉爾 ， 對 吧 ？ 
你 胡扯 什麼 ？,你 不會 明白 的 
對不起 ， 我 看到 了,別太 擔心 ， 沒有什麼 大不了 的 
路過 他 的 辦公室 時 ， 桌子 上 有些 推薦信,我 看 了 
他 要 加入 這個 團隊 嗎 ？,他 只是 來 觀察 的 ， 並不 參與 其中 
對 他 友善 點 ， 就 像 對待 我的 屁股 一樣 ， 無意 冒犯 ， 探長 先生,沒有 關係 ， 我 就 當 沒有 聽到 
事情 並不 總是 這麼 完美,能 聽到 你 也 這麼 說 ， 真好 ， 長官 
我 把 要點 說清楚 了 嗎 ， 探長 先生 ？,基本上 是 這樣 的 
別 擔心 ， 在 內心 裡 他 是 百分之百 的 美國人 ， 對 嗎 ？,絕對 的 美國人 ， 像判 了 死刑 一樣 
噢 ， 還有 另外 一個人 很快 就 會 過來,會 是 誰 ？ 
嘿 ， 哈里斯 ， 無論 你 設置 了 什麼 樣 噁心 與 複雜 的 犯罪 景象 ， 我 都會 破案 的,希望 如此 
這些 罐子 是作 什麼 的 ？,也許 是 用來 模擬 軍事 目標 的 ， 總之 來說 ， 都 是 用作 軍事 用途 的 ， 別碰 就是了 
嗯 ， 探長 先生 ， 你 來 這個 像 天堂 一樣 的 小島 的 真正 的 目的 是 什麼 呢 ？,與 你 一樣 ， 被 推薦 來 的 
為什麼 呢 ？ 我的 意思 是 你 放走 了 兇手 ？ 還是 在 哪 方面 失敗 了 ？,到底 是 為什麼 呢 ？ 
你 不會 對 我的 故事 感興趣 的,實際上 我 想 知道 
我 是 餵 鴨子 來 的,我 見到 你 也 在 餵 鴨子 ， 也許 我們 可以 一塊 餵 
不 ， 不 ， 沒有 關係,好 的 
我 不 吸煙,我 知道 
嘿 ， 文斯 ， 你 去 查看 一下 小鎮 的 那一 邊,好 ， 好 ， 好 
探長 ， 我們 一起 找 ？,你自己 找 吧 ， 我 在 度假 
我 想 你 偏離 了 工作 方向,可能 吧 
我 想 知道 它 是 怎麼 他媽的 到 這裡 的,我 說 問題 的 關鍵 是 它 為什麼 在 這裡 
這 應該 意味著 什麼 ？,那麼 ， 這是 不是 意味著 某種 警告 ？ 
你 知道 我 恨 你 什麼 嗎 ？,什麼 ？ 
莎拉 ， 為什麼 你 不 檢查 一下 那個 受害人 ？,好 的 
為什麼 你 不 去 查看 一下 僱員 記錄 ？ 或者 流水 賬目 ， 看看 誰 在 這裡 買過 東西 ， 誰 在 這裡 工作 ， 諸如此類,讓 我 來 做 個 徹底 的 搜查 ， 找出 時間 線索 
你 能不能 把 這些 都 記下來 ？,當然 可以 
我的 腿,不 ， 別動 它 
快救 我,快 離開 ， 不然 會倒 在 你 身上 
讓 我們 談談 這個 還有 哈里斯 吧,不會 是 哈里斯 幹 的 
你 不應該 帶 武器 的,我 很 高興 我 帶來 了 
我們 是 不應該 帶 武器 的,我 從來 是 槍 不 離身 的 
你 沒有事 吧 ？,是的 ， 我 告訴 你 了 我 沒有事 
是的 ， 我 告訴 你 了 我 沒有事,是的 ， 我 知道 你 告訴 過 我 ， 但是 當 人們 問 我 有沒有 事 的時候 ， 我 會 說 都 沒有事 
那麼 我 是不是 可以 問些 別的 問題 ？,無論 什麼 都 可以 
因為 敵人 可能 就 在 身邊 ， 你 是不是 有 什麼 事瞞 著 我 ？,沒有 
我們 知道 在 島上 有 個 殺手 ， 是 一個 知道 我們 是 什麼 人 ， 我們 來 這兒 做 什麼 的 人,這 就是 問題 所在 ， 除了 我們 之外 沒有 別的 人 在 島上 
你 要往 哪兒 跑 ？,嗨 ， 夥計 ， 我 可以 解釋 
這 間 房間 從 什麼 時候 開始 是 安全 的 ？,從 我們 全都 在 這 間 房間 裡 開始 
住嘴,聽 著 ， 我 可以 解釋 
聽 著 ， 我 可以 解釋,我 說 住嘴 
你 不知道 我 是 誰,我 知道 你 殺 了 J . D ， 這 就是 我 所 知道 的 
我 想 知道 下一個 陷阱 是 什麼 ， 現在 就 想 知道,我 不能 告訴 你 ， 因為 我 不知道 
你 從 到 這兒 以來 一直 在 說謊,那 也 不能 證明 我 是 兇手 啊 
如果 你 不 告訴 我們 真相 ， 你 將 永遠 不能 離開 這個 房間 ， 現在 開口 說 吧,好 的 
僅僅 談話 ， 也許 並 不足 以 解決問題,聽 著 ， 他們 採取 這種方式 一定 有 其 原因 ， 不是嗎 ？ 
你們 可以 用 測謊 儀來 測試 我 ， 快測 啊,他 在 說謊 ， 看 他 的 眼睛 
我 不是 個 有 暴力 傾向 的 人,那你 就 快要 真正 的 認識 你自己 ， 知道 自己 是 怎麼 回事 了 
六點 ， 我們 兩 個中 有 一個 會死,我 知道 ， 那是 你 
我 也 去 與 你 一塊 搜查,你 不 想 這麼 做 的 ， 夥計 
有人 知道 嗎 ？ 我們 在 這裡 思考 的 所有人 ？,就 這麼 簡單 ， 都 是 他媽的 該死 的 數字 
什麼 ？,那是 什麼 ？ 
你 就 在 那邊 上 ， 你 能 摸 著 嗎 ？ 相信 我 ， 在 那個 儲藏室 有 個 電源 控制箱,聽 著 ， 我 能 
你 沒有事 吧 ？,是 啊 
你 確定 嗎 ？,對 
一般人 要學 幾年 的 相關 專業 課 才行,沒錯 
看 著 我 ， 看 著 我 ， 看 著 我,說 的 都 是 我 ， 嗯 ？ 
你 知道 這個 故事 讓 我 很 不安,如果 我 不知道 會 令 你 更加 不安 
槍 放在 桌子 上 ， 所有 的 人,我 不會 交出 我的 槍 的 ， 我 從來 都 槍 不 離身 的 
檢測 一定 是 什麼 地方 搞錯 了,我 不會 跟 你 廢話 
開始 吧,等等 
她 想要 我們 都 死於 水下,真 殘忍 
你 走出 那個 門 ， 你 就 別 再 回來 了,我 為什麼 要 回來 ？ 
如果 他 發現 他 的 訓練 項目 會 被 取消 又 會 如何 ？,不 ， 不 ， 沒有 可能 
我們 每個人 都會 幾 招,也許 她 也 會 這 幾 招 
我 不 相信 她,你們 我 誰 都 不 相信 
剩下 的 會 是 誰 ？,剩下 的 是 最後 一個 還 站 著 的 男人 
你 參加 FBI 就是 為了 這個 ？,沒錯 
最後 一個 問題,什麼 時候 情勢 算是 安全 了 ， 探員 ？ 
史達琳 ， 克勞福 要見 你,謝謝 
找 克勞福 嗎 ？ 他 快 回來 了 ， 在 他 的 辦公室 等一會 吧,好 的 
你的 導師 說 你 是 班裡 的 高材生,希望 是 吧 ， 他們 還 沒有 公佈 成績 
坐下,是 ， 長官 
它 說 你 畢業 後 ， 想 在 行為 科學組 替 我 工作,是的 ， 我 很想 
我們 正在 訪問 被 囚禁 的 連環 殺手 ， 作 變態 行為 的 分析 ， 對 一些 懸案 會 有 很大 幫助,喔喔 
你 會否 很 易 受驚 ？,不會 
我們 最 想見 的 那個人 拒絕 合作 ， 我 想 你 去 精神 病院 找 他,那 人 是 誰 ？ 
但 無論如何 我們 都 得 嘗試,若 他 不合作 ， 我 要 如實 報告 
他 的 容貌 和 監獄 裡 的 狀況 如何 ？,這是 萊克 特 的 檔案 
週三 早上 8 點 把 你的 報告 交給 我,好 的 
對不起 ， 為何 這樣 急 ？,萊克 特 已經 坐牢 很多 年 了 
他 和 野牛 比爾 是否 有關連 ？,但願 有 ， 我 要 你 非常 留意 
執行 你的 任務 ， 但 千萬 別 忘記 他 的 身份,是 什麼 ？ 
你 會 在 巴爾的摩 過夜 嗎 ？ 如果 你 有 適當 的 嚮導 ， 這 可是 個 很 好玩 的 城市,我 肯定 ， 這是 個 了不起 的 城市 
但 我 要見 萊克 特 醫生 ， 下午 還要 回去 報告,是的 ， 那 我們 快點 吧 
克勞福 真是 聰明 ， 他 利用 你,什麼 意思 ？ 
什麼 意思 ？,找 個 漂亮 的 女人 來 引誘 他 ， 我 相信 這 8 年來 萊克 特 都 沒 見過 女人 ， 而 你 正合 他 的 胃口 
不可 接受 他 給 你的 東西 ， 明白 嗎 ？,明白 
你 若 在 我 辦公室 時 提出來 ， 就 可 省掉 我的 時間 了,是的 ， 但 我 會 錯過 與 你 同行 的 樂趣 
若 我 單獨 去 的 話 ， 我們 運氣 可能 會 好點,你 認為 如何 ？ 
你好 ， 我 是 巴尼 ， 他 說 過了 ， 不要 走近 那 塊 玻璃,對 ， 他 說 過了 ， 我 是克 麗絲 · 史達琳 
他 在 最 盡頭 的 那個 牢房,好 的 ， 謝謝 你 
靠 右走 吧 我 放了 一張 椅子 給 你,很好 ， 謝謝 你 
你 是 克勞福 的 人 ， 是 嗎 ？,是的 
可否 看看 你的 證件 ？,當然 可以 
一周 後 就 到期 了 ， 你 不是 真的 聯邦調查局 探員 吧 ？,我 仍 在 受訓 
克勞福 派 個 見習生 來見 我 ？,是的 ， 我 是 個 學生 ， 我 是 來 向 你 學習 的 ， 也許 你 可以 決定 ， 我 是否 夠 資格 這樣 做 
那些 細節 都 是 來自 記憶 嗎 ？,史達琳 探員 ， 我 只有 記憶 ， 沒有 景觀 
至於 你 這 份 拙劣 的 問卷 ， 就 不行了,我 只是 要求 你 看看 它 ， 做 不 做 隨便 你 
他 一定 很忙 了,忙於 追捕 那個 新手 野牛 比爾 吧 ？ 
你 可 知道 ， 為何 他 被 稱為 野牛 比爾 ？,請 告訴 我 ， 報紙 上 沒有 說 
你 以為 憑 這 份 拙劣 的 東西 ， 便 可 分析 我 ？,不是 ， 我 相信 你的 學識 
那 做 這個 測驗 吧,不 做 ， 但 我 會 令 你 開心 
我 會 給 你 一個 大好 機會,什麼 ？ 
爸爸 ， 你 有 沒 抓到 壞人 ？,沒有 ， 他們 跑掉 了 
轉過 身來 ， 把 雙手 放在 後面,好 的 
邁克 斯死 了,怎麼 會 ？ 
你的 電話 ， 是 教官,謝謝 
但 你 提到 莫菲 ， 有 後續 行動 嗎 ？,他 在 被捕 前 ， 把 大 部分 病人 的 病歷 銷毀 了 
我 不知道 對 這 件事 該 有何 感想,你 不用 感想 什麼 ， 萊克 特 這樣 做 只是 為了 自娛 
自從 1980 年 就 沒 人 來過 ？,據 我 所知 ， 沒有 
要 幫忙 嗎 ？,好 的 
我的 顧客 都 很 重視 隱私權,我 答應 不會 擾亂 任何 東西 
為何 你 不問 我 ， 關於 野牛 比爾 的 事 ？,你 知道 他 的 事 ？ 
沒有 大礙 ， 只是 皮 外傷,謝謝 
若 你 沒有 殺 他 ， 那是 誰 殺 ？,誰 知道 ？ 對 他 來說 是 件 好事 
賴普 是 個 異性 裝扮 癖好 者 ？,生活 上 ？ 不是 ， 只是 普通 的 躁狂 抑鬱 
你 看到 他 時 ， 有何 感覺 ？,初時 很 害怕 ， 後來 便 很 振奮 
克勞福 在 提拔 你 ， 是 嗎 ？,看來 你們 互相 傾慕 呢 
你 認為 克勞福 對 你 有 遐想 嗎 ？,我 從 沒 想過 
跟 你 做愛 ？,我 沒 興趣 ， 這是 邁克 斯會 說 的 那種 話 
要 我 幫忙 嗎 ？,可以 嗎 ？ 
當然 可以,謝謝 你 
可以 嗎 ？,當然 可以 
不用客氣 ， 你 好像 是 傷殘 人士,是的 ， 我 搬到 這裡 但 搬 不 上 貨車 
來 吧 ， 抓 著 ， 上,好 的 
你 上車 ， 我 想 把 它 推進 去,真的 很 謝謝 你 
行了 嗎 ？,行了 ， 很好 
我們 會 跟 克勞福 一起 去,去 哪裡 ？ 
史達琳 ， 仔細 看看 ， 告訴 我 你 有何 發現,他 是 個 白種 男人 
他 不是 個 流浪者 ， 他 有 自己 的 獨立 房子,為何 ？ 
為何 ？,他 下毒手 時 ， 需要 私人 地方 
不錯 ， 有 問題 嗎 ？,有的 
什麼 ？,對不起 
謝謝,謝謝 
你 還 觀察到 什麼 ？,她 不是 當地人 
瑞 ， 替 她 的 牙齒 拍照 ， 稍後 傳真到 失蹤 人口 組,好 的 
那是 什麼 ？ 豆莢 嗎 ？,不 ， 是 一 隻 蟲繭 
幫幫 我,好 的 
你 看 這些 是 什麼 ？,跟 其他 死者 的 形狀 不同 ， 拍 幾 張大 特寫 
探員 們想 看 你 怎樣 應付 ， 很 要緊 的,我 明白 了 
那 令 你 很 氣惱 吧 ？,那 只是 個 煙幕 ， 我 要 打發 他 走 
不公平 ， 你 用 食物 引誘 它,真 無賴 ， 仍然 是 輪到 我 
若 那 只 甲蟲 推動 你的 棋子 ， 也 算數 嗎 ？,當然 算數 ， 你 怎麼 玩 的 ？ 
這 東西 從 哪來 的 ？ 它 黏糊糊 的,在 一個 被 殺死 者 身上 找到 的 ， 屍體 在 埃爾 克河 裡 
是 野牛 比爾 幹 的 嗎 ？,我 不能 透露 
史達琳 探員 ， 你 不 查案 時會 做 什麼 ？,做 個 學生 
博士 ， 你 是否 對 我 有意 ？,是的 
找到 了,你 找到 什麼 ？ 
認識 它 的 人 ， 多 叫 它 做 骷髏 飛蛾,它 從 哪裡 來 ？ 
他 是 我的 病人 ， 我 有 知情權,我 明白 
請 你 跟 他 談 ， 或 讓 我 執行 任務 ， 明白 嗎 ？,如果 你的 分析 ， 能 幫助 我們 抓到 野牛 比爾 ， 及時 救出 凱瑟琳 馬丁 ， 參議員 答應 把 你 轉送到 位於 紐約 奧尼達 公園 ， 可 看到 附近 園林 景色 的 醫院 
好 嗎 ？ 克 麗絲 ， 可憐 的 凱瑟琳 在 等 著,好 吧 
你 最 糟 的 童年 記憶 是 什麼 ？,家父 去世 
談談 西 維州 小姐 吧 ， 她 是否 身材 肥大 ？,是的 
你 有 捉拿 到 他 的 本領 ， 知道 嗎 ？,不知道 ， 為何 ？ 
還有 什麼 線索 ？,她 的 喉嚨 被 異物 塞住 
一 隻 蝴蝶 ？,是的 ， 一 隻 飛蛾 
你 父親 被 殺 後 你 成了 孤兒 ， 後來 怎樣 ？,我 去 了 蒙大拿州 ， 跟 我 母親 的 表妹 夫婦 同住 
他們 有 一個 牧場,牧牛 場 ？ 
你 在 那裡 住了 多久 ？,兩 個 月 
為何 時間 這麼 短 ？,我 跑掉 了 
我 做 吧,好 的 
你 仍 以為 可 在 沙灘 漫步 和 看 鳥兒 嗎 ？,不會 了 
她 沒 聽過 跟 你 有 任何 協議,他們 騙 你 
傑克 ， 漢內堡 萊克 特正 被 轉 送往 孟斐斯 途中,轉送 ？ 
你 可 有 個 見習生 ， 冒 參議員 之 名 向 萊克 特 提出 一個 虛假 建議 ？,是 我的 主意 ， 我 逼不得已 
我 帶 了 一 份 宣誓書 ， 保證 你 新 的 權利,在 我 簽署 前要 看看 的 
你 有沒有 給 她 餵奶 ？,我 有的 
令 你的 乳頭 變得 堅挺 ， 是 嗎 ？,你 這個 混蛋 
告訴 我 ， 媽媽 ， 當 你的 小 女兒 被 殺時 ， 你 會 感到 振奮 ？,把 這個 畜生 帶回 巴爾的摩 
若 我 再 想起 什麼 ， 我 會 通知 你的,好 的 ， 謝謝 你 
你的 套裝 很 漂亮,謝謝 
野牛 比爾 叫 什麼 名字 ？,這是 目前 有關 當局 的 秘密 
小姐 ， 你 知道 規矩 吧 ？,知道 ， 我 以前 盤問 過 他 
你 畫 的 ？,是 
還是 在 你們 破案 前 ， 克勞福 派 你 來說 最後 一次 花言巧語 ？,不 ， 是 我自己 想來 的 
你 保重 ， 日後 報答 我 吧,我 不能 作 那個 承諾 
你 尋找 的 這個 人 ， 他 做 什麼 ？,殺害 女人 
他 主要 是 做 什麼 ？ 他殺人 是 為了 滿足 什麼 ？,憤怒 ， 社會 認同 和性 困惑 
你的 眼睛 ， 又 可 有 尋找 你 要 的 東西 ？,有的 ， 請 你 告訴 我 吧 
有的 ， 請 你 告訴 我 吧,不 ， 輪到 你 告訴 我 了 
你 可 有 感到 一些 眼睛 在 盯 著 你 ？,有的 
我 聽到 一種 奇怪 的 聲音,是 什麼 ？ 
你 怎麼 做 ？,我 下樓 ， 走出 屋外 
你 在 何時 出發 ？,很 早 ， 天 還 沒 亮 
有 東西 吵醒 你 ， 是不是 一個 夢 ？,是 尖叫聲 ， 像 小孩 的 尖叫聲 
給 我 兩 分鐘 時間 穿 衣服,好 的 
我 現在 只 知道 一 件事,什麼 
你 和 死者 為什麼 會 在 那 家 酒店,我們 是 被 要脅 才 去 的 
為什麼 是 這 家離 你 住處 300 公里 遠 的 酒店,不知道 
把 你們 叫到 那麼 偏遠 的 地方 不 覺得 奇怪 嗎,這 有 關係 嗎 
醒後 最先 是 什麼 情況 記得 嗎,有 敲門聲 
我 告訴 你 這是 場 陰謀 你 會 怎麼 想,我 跟 你 說 了 怎麼 回事 你 還要 我 說 什麼 
談得 不 順利,我們 沒 達成 共識 
幾點 了,快六點 了 
導航 上 不是 這個 方向,往 這 條 路開 更 快 
要 我 開 嗎,來開 吧 
我 總 在 撒謊,你 和 我 在一起 時 就 不會 
但 你 和 我 在一起 很 開心 對 嗎,我 喜歡 我們 在一起 的 感覺 
你 想 離開 索尼 婭,不 想 
你 沒事 嗎,應該 沒事 
你 在 幹嘛,我 在 報警 
這裡 出了 什麼 事,我 開車 分心 撞到 了 他 的 車 
要 我 叫 救護車 嗎,不用 沒事 謝謝 
他 要是 看到 了車 裡 的 人 呢,得 把 人 帶走 
我 要 怎麼 做,不知道 
你 怎麼 處理 那 輛車 的,我 把 它 沉 了 
後來 發生 了 什麼 事,我 用 我的 預 付費 電話卡 聯繫 了 羅拉 跟 她 說 我 在 哪 
怎麼 了,我的 車壞 了 
一切 都 好 嗎,撞到 一頭 鹿 不過 我 沒事 謝謝 
你 是 做 什麼 的,我 是 開 書店 的 
你 還 沒 告訴 我 你的 名字,拉 奎爾 
你的 航班 是 幾點 的,我 正 想 打電話 跟 你 說 我 趕不上 了 
你 趕不上 是出 什麼 事 了 嗎,沒有 只是 引擎 出了 問題 
我愛你,我 也 愛你 
你 受傷 了 嗎 你的 手腕 上 有血,可能 是鹿 身上 的 
讓 我 看看 會不會 被 感染,不用 了 我 沒 受傷 
你 要 喝 咖啡 嗎,好 的 
進來 吧,不了 我 就 在 這 等 
你 還好 嗎,我 沒事 謝謝 
你 真的 什麼 都 不 想 吃 嗎,不用 了 謝謝 
你 有 孩子 嗎,沒有 沒有 
留下 吃 晚飯 嗎,已經 很 晚了 我 得走 了 抱歉 
你 在 這裡 有 聽到 電話鈴聲 嗎,沒 
奇怪 他 出門 從 不會 不 帶 手機,他 大概 忘記 帶 了 
菲利克 斯 你 在 哪,我 剛 下飛機 在 畢爾巴鄂 的 機場 
他 說 了 什麼,一切 都 在 控制 之中 不要 擔心 
據 報告 來看 你 沒有 停車票 能 證明 那 輛車 在 那 停放 過,我 弄丟 了 我 是 放 口袋 裡 的 可能 在 我 走路 時掉 了 出來 
你 跟 那 起 男孩 失蹤案 有關 嗎,怎麼說 
我 還有 一 件事 要 你 幫忙,什麼 
你 在 哪 給 我 打電話,電話亭 
在 有 監視器 的 地方 打電話 很不 明智 啊,我 知道 我 當時 很 緊張 
那你 什麼 時候 打的,我 意識到 她 會 不擇手段 的時候 
準備好 出海 遊玩 了 嗎,我 剛 接到 個 重要 電話 我 要 去 跟 李 先生 會面 
這是 什麼,那個 男孩 的 錢包 
你 感覺 怎麼樣,非常 高興 
有名 記者 堅持 要見 你 他 說 他 認識 你,好 的 
你 知道 我 是 誰 嗎,我 只 知道 你 不是 伊凡 · 索托 
她 不是 一個人 肯定 有人 和 她 同行,你 怎麼 確定 呢 
先生 請 跟 我們 走,別碰 我 
這些 會 讓 你 想到 什麼,讓 我 想到 那 家 酒店 的 謎團 
出於 什麼 目的 呢,為了 勒索 我們 
我 預定 了 715 號房,好 的 是 叫 阿德 里安 · 多 里亞 嗎 
你 要 我 找 什麼,細節 
晚安,晚安 
哪裡 的 聲響,715 號房 
有關 控方 證人,我們 還 不知道 名字 但 我們 知道 是 誰 了 
我們 得 快點 想 辦法,我 想 我 完蛋 了 
你 為什麼 不 說出 真相,因為 對於 湯瑪斯 · 加里 多不留 蹤跡 地 消失 一 事 我 想 聽聽 你的 說法 
那 為什麼 要 等 我 跟 你 說 呢,為 確保 我 能 把 我的 人生 委託 到 你 手上 
你 把 車沉 哪 了,我 在 這裡 把 車推 下水 的 
四小時 後 在 廢車 場 旁邊 的 咖啡店 碰面,好 的 
你 沒法 證明 不是,你 也 沒法 證明 是 
你 在 幹嘛,我 在 報警 
你 瘋 了 嗎,沒有 
如果 蘿拉 對 他們 坦白 了 一切 他們 為什麼 不 去 報警,因為 他們 知道 你 為了 逃避 罪責 絕不 會 說出 他們 兒子 的 屍體 在 哪 
你的 推測 毫無 根據,湯瑪斯 有的是 根據 
那就 向 我 承認 你 殺 了 蘿拉,我 承認 
你 有 咖啡 嗎,有 
我們 很 需要 咖啡 今晚 將 是 漫漫長夜,好 的 
我們 可以 信任 他 嗎,絕對 可以 
我 手機 關機 了 有 什麼 事,我 找到 他 了 能 說 你 當時 不在 那 
控方 的 事 怎麼樣 了,沒事 別 擔心 
絲隆 小姐 請 描述 妳 的 工作 性質,依照 律師 建議 根據 美國 憲法 第五 修正案 賦予 的 權利 恕 我 拒絕 回答 
妳 願意 發誓 所 說 一切 句 句 屬實 不然 就是 觸犯 偽證罪,我 願意 
請 說出 全名 以便 記錄,麥德琳 伊莉莎白 絲隆 
妳 在 柯式 企業 工作 性質 是 什麼,我 拒絕 回答 
今天 值得 紀念 妳 知道 為什麼 嗎,因為 我 自由 了 
說 件 妳 昨天 不能 做 但 今天 能 做 的 事,辭職 
妳 打算 怎麼辦,叫 印尼 政府 說 他們 要 招待 傑克 參議員 去 他們 的 農園 旅遊 
如果 是 印尼 政府 出錢 那就 會 犯法,若是 透過 非營利 組織 贊助 就 完全 合法 
意思 是 可能 沒 人 到,至少 會 有 500 人 其他 要看 天氣 
你 剛 從 女廁 出來 嗎,我 不知道 妳 在 講 什麼 
蛋糕 和 餅乾 都 有 銷售稅 嗎,不知道 
大家 聽 好了 我 要 說 一個 故事,拜託 不要 
你們 之前 沒 見過 面,我們 去 過數 個 相同 聚會 但 一直 不 認識 彼此 
我們 的 現狀 仍 是 需要 吸引 更多 女性 選票,明白 了 
妳 痛恨 政府 管 這 瑣碎 事,我 不會 把 槍枝法 視為 瑣碎 小 事 
我 只 為 相信 的 事物 工作 所以 我 晚上 睡 得著 覺,妳 晚上 根本 不 睡覺 
是否 感到 昏眩,沒有 
妳 都 幾點 睡覺,不一定 但 我 睡眠 充足 
妳 到底 有沒有 睡覺,這陣子 很忙 
你 剛 打給 我 時 打 哪個 號碼,市內 電話 
想 佔用 妳 五分鐘 時間,好 走到 我 車要 三分鐘 說 重點 
妳 認識 他們 的 執行長 嗎,沒 聽過 
現在 是 怎麼 回事,妳 支持 希頓 哈里斯 要 嚴控 槍枝 
妳 的 車 在 哪兒,現在 應該 到 門口 我 不 開車 的 
這 可以 嗎,可以 
怎 有人 把 巧克力 蛋糕 當 早餐,馬芬 而已 啦 
誰 要 跟 我 走 ？,我 跟 妳 走 
我 只有 算到 五 個,妳 的 數學 不行 
誰 說 我 要 跟 妳 去,我 說 的 
如果 我 想 留下 呢,拜託 ， 現在 不是 耍 幽默 的時候 
直接 進入 重點 吧,好 
什麼 時候 的 事 ？,剛 收到 的 消息 
早安,早安 
姓名 和 年資 ？,愛絲 美瑪紐 加瑞 ， 九年 
布雷迪 在 選戰 上 每 花 一塊 錢 ， 而 槍枝 支持 方花 多少 嗎 ？,38 塊 錢 
我們 要 怎麼 贏 ？,得 建立 我們自己 的 支持者 
什麼 最 能 看出 投票 者 意願 ？,就是 錢 
妳 沒 開車 嗎 ？,我 會開 但 我 不 開 
妳 的 藉口 是 ？,老實說 我 技術 超爛 
妳 有 認識 的 人 是 槍枝 受害者 ？,沒有 ， 為何 大家 都 這樣 想 ？ 
妳 每晚 都 在 這裡 吃 ？,差不多 ， 這裡 從不 打烊 
妳 怎麼 不會 厭倦 ？,這是 生活 必需 啊 
若 妳 公開 會 攸關 我們 輸贏 呢 ？,如果 對 我 一視同仁 ， 我 會 很 感激 
還有 誰 知道 ？,羅 道夫 ， 沒 人 知道 了 
誰 會去 那個 醫學 會議 ？,華勒斯 議員 
你 知道 什麼 是 肺 呼吸 學 嗎 ？,知道 ， 就是 肺 的 相關 研究 
肺 並不 對稱 ， 右 肺 有三 片 肺葉 ， 左邊 兩 片 ， 你 知道 為什麼 嗎 ？,心臟 想要 多 一點 空間 ？ 
可以 跟 我 說 溫蒂 的 來頭 嗎 ？,當然 可以 
什麼 意思 ？,意思 就是 該 改用 B 計畫 
他 還可以 帶來 誰 的 票 ？,法西 泰利 和 賈西亞 
要去 那 間新 餐廳 嗎 ？,我們 去 紐約大學 法學院 
修正案 的 辯論會 如何 ？,不要 大聲 張揚 
為什麼 不 直接 再活 一次 ？,那 不適合 我 
妳 後悔 過 嗎 ？,完全 沒有 
妳 該 不會 用 取代 鍵 ， 在 谷歌 留下 漏洞 ， 讓 他們 認真 調查 就 發現 吧 ？,我 的確 用 取代 鍵 
我 要 妳 在 農協 晚宴 上台 說話,等等 ， 這是 大事 
我 不 習慣 面對 聚光燈 和 媒體,那就 趕快 習慣 ， 木已成舟 了 
我 需要 聊天 主題,什麼 意思 ？ 
妳 還 外包 找 人 想 應酬 話題 ？,對 啊 ， 興趣 、 嗜好 、 小孩 ！ 
要 討好 一個 父親 的 最好 方式 ， 就是說 他 的 小孩 有 多 可愛,了解 
捐 這麼 大 款項 ， 為什麼 要 匿名 ？,理由 很 明顯 
我們 晚點 說,在 辦公室 裡 說 嗎 ？ 
妳 到底 在 想 什麼 ？,你 最好 別 打擾 我 工作 
第二 修正案 就 會 賦予 我們 隨身 攜帶 棒球 棍 的 權利 ？,不 ， 那是 你 要 對 藍 狗 聯盟 那 群 保守 民主黨 朋友 說 的 
你 看過 我的 支持率 嗎 ？,他 不會 跟 你 競爭 ， 他 會 跟 你的 兒子 競爭 
我 就 不能 有 社交 生活 嗎 ？,我 不知道 妳 有 社交 生活 
他 表示 支持 時 有 錄影 嗎 ？,當然 
我們 不 去 佛州,什麼 ？ 
大家 請 翻到 第九 頁,我的 第九 頁 沒 東西 
早安,請 坐 
被 跟蹤 了 嗎 ？,很 明顯 是的 
你 願意 發誓 說 的 一切 句 句 屬實 ， 不然 就是 犯下 偽證罪 嗎 ？,我 願意 
你們 一共 多少 人 ？,6 個 ， 4 個 出 外務 了 
史密特 先生 ， 有 嗎 ？,是的 ， 參議員 ， 我們 有 
你 對 此 的 反應 為何 ？,我 說 這 讓 人 大開眼界 、 足智多謀 
知道 被 抓到 會 變多 慘 嗎 ？,不會 比 失去 班利 來得 慘 
妳 何時 發現 有 內賊 ？,醫科 募款 晚宴 後 
妳 怎麼 知道 是 她 ？,我 不知道 
妳 好 啊 ， 我 是 卡爾 史奈德 ， 從事 銀行業,不好意思 ， 你 認錯人 了 
妳 何時 開始 打 這 主意 ？,那晚 的 晚餐 
妳 還 會 這麼 做 嗎 ？,會 吧 
妳 只 用 了 三 個 月 時間 ？,實際 花 的 時間 更少 
我 怎樣 都 想不透 怎麼 有人 可以 想到 這 步,老娘 就是 狠 角色 吧 ！ 
她 又 會 是 誰 ？,我 從不 透漏 客戶 的 身份 
我 寧願 有 正常 生活 也 不要 這個 專長,正常 不一定 好 
為什麼 ？ 我 做錯 什麼 ？,沒有 ， 只是 我的 狀態 不太好 
請 離開,隨便 妳 
現在 狀況 如何 ？,還 缺 4 張票 ！ 
妳 覺得 槍枝 爭論 現在 主要 變成 女性 議題 了 嗎 ？,你 只 需要 看 數據 ， 美國 女性 在 槍枝 安全 議題 有 決定性 的 力量 
如果 要 跟 我 會面 ， 為什麼 只 寄信 ？,因為 不是 真的 想 跟 妳 會面 
妳 在 哪兒 ？,快餐店 
希望 能 快 發明 食物 藥丸,那 大概 要 等 一陣子 
沒關係 ， 我 幫 妳,謝謝 
你 拯救 的 那個人 ， 曾 積極 推動 持槍 的 禁令 ， 你 怎麼 看 ？,我 尊重 ， 但 反對 他們 的 看法 
妳 有 跟 她 聯絡 嗎 ？,那是 我的 私事 
妳 對 發生 的 事 有 內疚感 嗎 ？,我 為什麼 要 內疚 ？ 
叫 他們 撤掉,可能 會 更糟 的 
我 目前 弄錯 了 四 個 事實,這樣 不妙 
這些 參議員 突然 變超忙 ， 還 真巧,我們 都 知道 是 怎麼 回事 
說 重點 ， 接近 投票 時 情況 會 怎樣 ？,會 很 接近 ， 但 最新 的 預測 結果 是 我們 會少 4 至 7 票 
喂 ？,不好意思 ， 妳 打錯了 
為什麼 沒 人查 她 的 檔案 ？,原本 人 很多 ， 但 大家 都 落跑 了 
妳們 查到 多久 之前 ？,從 最後 一 筆 生意 ， 到 她 背叛 我們 
那是 什麼 ？,棉花糖 蛋糕 
我 不能 一邊 支持 又 一邊 要 搞 它,在 不 偏頗 的 原則 下 ， 當然 可以 
我 要 妳 退出 選戰,什麼 ？ 
你 在 胡說 什麼 ？,有 妳 在 ， 法案 都 被 模糊 焦點 
史 貝林 有 妳 的 把柄,我 根本 沒 見過 他 ， 這是 陷阱 
我 說 對了 嗎 ？,完全 不對 
妳 的 客戶 曾 捐款給 這 非營利 組織 嗎 ？,不知道 ， 我 不 清楚 他們 的 捐款 名單 
沒有 干預 ？,妳 當然 沒有 干預 
妳 看過 那 份 表格 嗎 ？,看過 ， 是 私人 贊助 證明 表 
妳 認得 那個 筆跡 嗎 ？,認得 
是 妳 的 嗎 ？,是的 
妳 計畫 用 竊聽 的 方法 使 班利 參議員 就範 ， 對 嗎 ？,我 的確 想過 這種 方法 ， 但 從 沒有 付諸 實行 
為什麼 呢 ？,史密特 先生 明言 禁止 
在 妳 的 遊說 生涯 中 是否 經常 運用 諜報 手段 ？,我 沒有 
妳 是否 曾 授權 、 命令 或 主導 對 任何人 實行 非法 的 監視 行動 ？,答案 是 沒有 
可否 描述 你的 工作 性質 ？,我 有 很多 種 工作 
你 目前 的 主要 收入 來源 是 什麼 ？,我 在 華盛頓 做 伴遊 
你 收費 和 女人 睡覺 ？,我 滿足 客戶 的 任何 需求 
佛德 先生 ， 你 見過 絲隆 小姐 嗎 ？,見過 
可以 請 你 指出 她 嗎 ？,就坐 在 那兒 
你們 是 什麼 關係 ？,我 和 一個 客戶 參加 聚會 ， 我 試著 要 自我 介紹 ， 但 她 不理 我 
你 曾 服務 絲隆 小姐 嗎 ？,沒有 ， 先生 
我 想 討論 我的 未來,現在 時機 不 太 適合 
這 他媽的 是 什麼 東西 ？,辭呈 
為什麼 這次 願意 見 我 ？,他們 說 你 要談 工作 的 事 
對了 ， 你的 氣色 也 不錯,謝謝 
妳 怎麼 會 自己 填表 ？,那是 讓 他們 上鉤 的 餌 
新年快樂,新年快樂 
老實說 現在 我 只 希望 這種 超能力 能 幫 我 找到 個 女朋友,這 可 不容易 
可以 幫 我 擦 防曬霜 嗎,當然 
蒂姆 可以 幫 我 擦 防曬霜 嗎,可以 等一會兒 
別老 給 家里 打電話 你媽 不 喜歡 老 被 人 打擾,好 的 知道 了 
我 是 詹姆斯 的 兒子,誰 啊 
你好 我 叫 瑪麗,我 叫 蒂姆 其實 我 媽 也 叫 瑪麗 
有 東西 碰到 我 手肘 了,放心 不是 我 
說 實話 你們倆 誰 更 漂亮,當然 是 我 
你 喜歡 凱特 · 摩斯 嗎,我 愛死 她 了 
你好,你好 
要是 我 問 你 要 號碼 會不會 太 唐突 了,不會 
我的 頭發 呢 是不是 太 棕 了,我 愛 棕色 
我 劉海 是 新 剪 的,劉海 很 完美 簡直 是 點睛之筆 
我 希望 能 再 見到 你,你 會 的 
你 也 知道 我的 戲 今晚 上演,老天 對 啊 怎樣 了 
你好,你好 湯姆 先生 我 是 哈利 的 朋友 
請問 你 臺詞 記得 怎樣 了,抱歉 什么 叫 臺詞 記得 怎樣 
謝謝 你 來 陪 我 小凱,反正 也 沒事 做 
吉米 呢,又 把 我 甩 了 
工作 呢,炒 我 魷魚 了 
喝 咖啡 嗎,謝謝 
我 只 注意到 照片 中的 貓 看到 沒,看到 了 真 不錯 
我 長得 像 你媽 嗎,不 像 你 比 她 漂亮 多 了 
要 牛奶 嗎,要 
男朋友 呢,有 了 
我 看上去 不 像 有 男朋友 嗎,不 像 
你們 什么 時候 認識 的 什么 時間點,其實 就是 一周 前 
來 來 再說 說 你們 美妙 的 初次 見面,好 吧 
對 喬開 了 一個 小型 派對,簡直 是 個 煉獄 幸好 魯 伯特 救了 我 
這個 糟糕 的 派對 在 哪兒 呢,就 在 我的 破 公寓 里 
那是 在 哪兒 呢 重點 就 在 這不 是 嗎,西南 五 區科 菲爾德 花園 26 號 
你 是 什么 時候 到 的 是 早 是 晚魯 伯特,準時 到 吧 真愛 在 召喚 呢 
你好 我們 認識 嗎,不 不 我 是 瑪麗 的 朋友 
我 叫 蒂姆,我 叫 瑪麗 
我們 聊聊 凱特 · 摩斯 吧,我 很 喜歡 凱特 · 摩斯 
你 是 做 什么 的,我 在 出版社 看書 
不是 吧 你 看書 也 能 賺錢,沒錯 我的 工作 就是 看書 
你 是 做 什么 的,我 是 個 律師 
陪 我 走到 車 那兒 去好 嗎,好 啊 好 的 
下次 肯定 會 更好,我 覺得 已經 很 好了 
你 等 我 一下 好 嗎,好 的 
你 還 真 懂 內衣 啊,希望 如此 
真 不錯 有些人 第一次 搞 得 一團糟,菜鳥 吧 
等 我 一下 好 嗎,當然 
我 有 個 壞 消息,你 要死 了 嗎 
什么 時候,現在 
他們 知道 我 這個 人 嗎,知道 我 稍微 提過 
對了 他們 比較 保守 還是 換 條 褲子 吧,好 的 
我 要 說 我 住 這兒 嗎,絕對 不行 
那 能 說 我們 做愛 嗎,可以 但 別 說 口交 
你 為什么 覺得 會 說到 這個,不知道 如果說 到了 就 一口 否認 
好 準備好了 嗎,好了 
蒂姆 說說 你 是 哪 里人 哪個 地方 的,他 是康 沃爾 的 那兒 很 漂亮 
你 是 個 律師 對 嗎,是的 沒錯 他 從 沒 輸過 
我 拿到 兩 張 國家 劇院 的 票 明天 的 一起 去 嗎,不 去 了 我 要 睡 一整天 
天哪 是 夏洛特,誰 
誰,我的 初戀 
在 哪,那邊 出口 標志 下面 
那個 老 女人 嗎,不 不是 那個 老 女人 那個 金發 美女 
夏洛特,天哪 蒂姆 見到 你 真好 
我 看見 三年 前 那個 夏天 讓 我 心碎 的 女孩 了,去打 個 招呼 吧 
去打 個 招呼 吧,不 還是 別 找麻煩 了 走 吧 
蒂姆 見到 你 真好,真是 個 驚喜 啊 
幫 我 跟 奇巧 帶 個 好 她 好 嗎,她 還 行 其實 她 在 倫敦 也 過得 不容易 
是 啊 吉米 說 他 有時候 會見 她,是 嗎 從 什么 時候 開始 的 
你 想 去 哪,你 喜歡 的 就 行 
醒醒 來 聊聊天,干什么 
我 有 件 很 重要 的 事要 問 你,不能 等 明早 嗎 
不能 等 明早 嗎,不行 
喝茶 嗎,非常 愿意 
你 有 什么 缺點 就是 小 弱點,我 非常 沒 安全感 
覺得 她 如何,比起 你我 已經 更 喜歡 她 了 
我 不知道 你 在,我 剛 下來 
經過 一點點 考慮 我們 決定 要 結婚,真是 個 好 消息 
你 要 跟 誰 結婚,跟 瑪麗 那個 
你 決定 一 件事 我 就 脫一件 衣服,好 的 我 了解 了 年輕 的 女士 
你 想 在 哪 辦 婚禮,家 我 討厭 別的 地方 
應該 找 哪 位 神父,得 是 有 一口 黃牙 和 一堆 連心 眉 的 當地人 
蜜月 呢,去 蘇格蘭 住小 旅館 
話說 奇巧 去 哪 了,不知道 她 說 3 點 左右 過來 
我 妹妹 呢,我 還 以為 她 在 這 里 
怎 么了,我們 吵架 了 
小 嬰兒 住 在 這 里 嗎,在 她 可 興奮 了 就 在 樓下 
我 必須 去接 奇巧,我 以為 她 會 自己 開過來 呢 
她 沒事 吧,再說 吧 
我 很 擔心 奇巧,我 知道 
我 不能 回到 出生 以前 的 時間 了 是不是,不行 我 應該 跟 你 說 的 
考慮 一下 約 他 吃 晚飯 你 有時間 嗎,可能 吧 也許 得先 梳妝 打扮 一下 
咱 再生 一個 吧,去死 吧 不要 
好 啦 這 件 怎 么樣,很 漂亮 任務 完成 很好 
不行 認真 點 挑 這個,我 不確定 不行 我 不 喜歡 
好 吧 那 這 件 呢,美 極了 就是 它 了 
波絲 哪 去 了,我 讓 她 呆 在 樓下 呢 
我 放 手稿 那 屋 的 門關 了 吧,貌似 沒有 
我們 以前 是不是 有過 這個 對話 了,是的 
然后 發生 了 什么,我 很 難過 我 擁抱 了 你 
您 今天 是 在 這兒 吃 還是 帶走,帶走 吧 謝謝 
他 跟 你 說 了 什麼 了 ？,他 只是 要 讓 我 看 吉他 
你 要 去 哪 ？,我 以為 妳 說完 了 
萬一 我 不是 做 鞋子 的 料 呢 ？,米高 ， 有 全 家人 在 這兒 引導 你 
歡迎 回來 ， 有 什麼 要 申報 嗎 ？,吉拿棒 ， 我 家人 供奉 的 
有 什麼 要 申報 嗎 ？,老 … 老實說 ， 有的 
這是 誰 的 靈獸 啊 ？,牠 只是 丹丹 
可是 丹丹 又 沒有 毛,我 也 沒有 鼻子 ， 還是 會 過敏 
要 解除 家族 的 詛咒 就 得 得到 家人 的 祝福,就 這樣 ？ 
你 喜歡 德拉 古司 ？,他 跟 我 是 老交情 
你 … 你 在 做 什麼 ？,我 在學 骷髏 走路 ， 免得 穿幫 
不 ， 我們 才 不 那樣 走路,你 就是 那樣 走 啊 
我 會 讓 你 見到 他,怎麼 做 ？ 
真 … 真正 的 德拉 古司 在 哪 ？,德拉 古司 從不 參加 彩排 
我 要 消失 了 ， 海特,我 感覺得到 
你 想要 它 ， 就 得 靠 你的 實力,爭 不過 你 啊 
你 要 點歌 嗎 ？,你 … 你 知道 我的 最愛 ， 海特 
等等 ， 怎麼 回事 ？,他 被 遺忘 了 
那 他 去 哪 了 ？,沒 人 知道 
你 表演 以前 都 這麼 緊張 嗎 ？,不 曉得 ， 我 從來沒有 表演 過 
什麼 ？ 你 不是 說 你 是 音樂人,我 … 我 是 啊 
嘿 ， 你 要去 哪裡 呀 ？,我們 得 離開 這裡 
妳 摧毀 我的 人生,什麼 ？ 
你的 表演 真 精彩 喔,你們 也 是 
你 … 你 知道 我 ？,所有 的 人 都 在 談論 你 呢 
這 … 這是 哪裡 來 的 ？,那是 我的 可可 太婆 
妳 在 那裡 工作 嗎 ？,不 ， 我 是 學生 
你的 觀察力 真 驚人,對 
妳 把 誓詞 寫 在 菜單 上 嗎 ？,對 ， 怎麼 了 ？ 
你們 願意 成為 夫妻 嗎 ？,我 願意 
妳 感覺 如何 ？,我的 頭 好痛 
佩吉 ， 妳 知道 我 是 誰 吧 ？,知道 ， 你 是 我的 醫生 
你 在 做 什麼 ？,睡覺 
我 帶 了 妳 的 衣服,謝謝 
我的 頭髮 很 奇怪,那 只是 妳 個人 的 看法 
為什麼 你 是 我 先生 卻 沒 見過 我 家人 ？,妳 跟 他們 好幾年 沒 說話 了 
我 為什麼 會 不 跟 家人 說話 ？,那是 在 我們 交往 以前 發生 的 
我們 從來沒 談過 這 件事 ？,有 
我 聽說 妳 終於 要 出院 了,對 ， 我 被 通知 出院 了 
我 看起來 好像 怪咖,我 覺得 妳 很 美 
我們 住 哪裡 ？,在 北區 
現在 總統 是 誰 ？,歐巴馬 
能 拜託 你 出去 嗎 ？,佩吉 ， 我 很 抱歉 
這是 衣櫥 裡 我 唯一 穿起來 舒服 的,那 其實 是 我的 
你 上班 嗎 ？ 有 工作 嗎 ？,有 ， 如果 還 沒 倒 的 話 我 有 一間 錄音室 
我的 日常 生活 呢 ？ 我 每天 都 在 做 什麼 ？,妳 起床 後 會泡 咖啡 
我 不是 故意 不 來 的,我 知道 ， 我 沒 生氣 
她 還好 嗎 ？,恢復 中 
你 三點 半會 準時 到 ？,你 三點 半會 準時 到 ？ 
天 啊 ， 妳 訂婚 了 ！,對 呀 
你們倆 好配,謝謝 妳 ， 佩吉 
李 歐 ， 你 在 哪裡 上班 ？,我 剛 在 市中心 開了 一間 錄音室 
那 不是 黛安 錢尼 嗎 ？,對 ， 我們 已經 不 一起 玩 了 
我 有 把 戒指 還 你 嗎 ？,有 
妳 在 拼貼 嗎 ？,我 會 拼貼 嗎 ？ 
我 翻 了 一下 你的 東西 希望 你 不介意,不會 ， 我的 東西 就是 妳 的 
我 想 我 準備好 去 看 工作室 了 你 能 帶 我 去 嗎 ？,當然 
佩吉 ， 妳 想 恢復 記憶 嗎 ？,想 
媽 ， 妳 聽 電臺 司令 的 歌 嗎 ？,當然 ， 怎麼 不 聽 ？ 
妳 的 頭髮 看起來 不一樣 了 妳 很 美,謝謝 
妳 不 喜歡 嗎 ？,不 喜歡 
謝謝 妳 今晚 跟 我 去 約會,我 玩 得很 開心 
妳 跟 傑瑞米 出去 了 嗎 ？,不是 
對 她 來說 還是 對 你 ？,對 我們 兩 個 都 是 
佩吉 ？,什麼 事 ？ 
你 真是 個 偽善者,你 說 什麼 ？ 
這不 公平,不公平 嗎 ？ 
你 沒事 吧 ？,結束 了完 了 ， 我 放棄 
妳 知道 我 現在 被 背叛 的 感覺 有 多深 嗎 ？,很 抱歉 ， 佩吉 
我 能問 你 一個 問題 嗎 ？,可以 妳 想 問 我 什麼 就 隨時 問 
你 知道 我 爸 的 外遇 嗎 ？,我 知道 
我 不能 再 失去 他們 了,那就 別 失去 
我 跟 蘿絲 分手 了 我 提 的 分手 ， 佩吉,不 ， 你 為什麼 要 這樣 做 ？ 
我 以為 你們 要 訂婚 了 …,本來 是 ， 但 那是 在 妳 以前 
其實 我 有 話要 告訴 妳,好 
我 以為 你們 要 訂婚 了 …,本來 是 ， 但 那是 在 妳 以前 
妳 確定 妳 不 記得 跟 我 分手 的 那 時候 ？,怎麼 了 ？ 
但願 妳 不是 為了 喝 熱可可 才 進城 裡 來 的,其實 ， 我 六 個 月前 就 搬回來 了 
我 回去 念 藝術 學院 了,真的 ？ 沒 騙 我 ？ 
宋 妮亞 跟 我 變成 了 朋友 我 問 了 她 關於 我們 的 事,真的 ？ 她 都 說 了 什麼 ？ 
真的 ？ 她 都 說 了 什麼 ？,她 說 你 現在 應該 沒有 女朋友 
我們 要不要 試試看 以前 沒 去過 的 地方 ？,新 的 餐廳 ？ 
新 的 餐廳 ？,當然 
我的 全部 身家 都 在 那 包裡 了,放心 吧 ! 我 去 拿 ! 
我 是 莎文娜,約翰 
你 在 當兵 還是,對 啊 
什麼 兵種,陸軍 特種兵 
爸爸 呢,在 那邊 
