弘樹，你在做什麼,諾亞方舟，出航
幹嘛搞得這麼誇張,聽說在舉行這場發佈會之前就已有商業間諜在暗地裡展開各種活動了
那是什麼東西啊,那就是「繭」啊
爸爸，警局的高層好像也來了，不要喝得太多啦,知道啦
這裡應該是隨便吃的吧,大概是吧
不是告訴過你要用小孩子的口氣說話嗎,這樣可以吧
怎樣，這樣可以吧,好可怕
難道園子也被選上了嗎,因為鈴木財團也出資贊助了遊戲開發
再說，你們真的有被邀請嗎,太失禮了吧
你們知道嗎，人在出生的時候就已經決定他的一生了,是啊是啊
沉睡的小五郎是睡著時讓老婆逃掉了才會有這個綽號的吧,才不是在睡覺的時候呢
你是誰啊，大叔,我是「繭」的研發負責人，堅村
你們的父母沒有教你們什麼叫作公共道德嗎,了不起死了，不借你錢了
大叔，你是不是不認識我們？如果和我們作對,明天就要被炒魷魚了哦
那麼，在這之前，讓我先把你們從這裡趕出去吧,走吧
你這個月去哪兒了,幫爸爸做事去了
媽媽呢,她說好久沒回日本了，所以去參加同窗聚會了
一定是他很努力想出來的,就讓他說說看吧
為什麼啊,因為「繭」的樣子很像搖籃
不對，我覺得是一，表彰,那個也不對
看來他還真的是很喜歡這東西,在此類銅像中有如此充滿鬥志的姿態真是罕見
大概跟他自己很像吧,糟糕
秀樹，別在這裡踢球,是
好像有點過分了,才不會呢
看上去都是些便宜貨,不會吧
這種地方怎麼可能放貴重的東西呢,說得也是
堅村先生在哪裡，我想見他,是，我馬上去找他，工藤先生
麻煩您簽名,先生，我也要
你看起來很精神，我也就放心了,你也是
我必須馬上趕回會場,你就直接了當的說，如何
弘樹托付給你的DNA探查程式，你到底打算要多少錢才肯賣給我,我並沒打算向你勒索，我只希望你能贖罪
主任，工藤先生說要見您,打攪了
怎麼了，主任,這次又有什麼花樣呢
接下來,請欣賞今天的特別嘉賓
什麼，洋子也來了嗎,得去搶最前面的位子才行
千葉，封鎖所有的出入口,遵命
好像來了很多大人物,是的
警視廳副總監,金融界的實業家
請帶我過去,是
好，讓各位久等了,大家請到「繭」的會場去
爸爸和柯南到哪裡去了,警官大人
哦，毛利,你也來啦
凶器可能是兇手珍愛的東西吧,要不就是留下來會讓人知道兇手是誰
話說回來，為什麼開發負責人會呆在這種地下室呢,因為主任說在人出入頻繁的地方無法集中精力，所以一個人在這兒
桌上的鍵盤會不會是死亡訊息,什麼
那不是柯南嗎,柯南為什麼會在遊戲參加者的行列裡
可是這樣園子你...,沒關係，我一點興趣都沒有
聽說你跟堅村是長久以來的老朋友,知不知道他跟什麼人有仇
你不是跟他在一起的嗎,他剛才還在這裡
難道柯南用了我送給他的禮物了嗎,我們走吧，博士
辛多拉社長，系統發生異常,什麼
那是在兩年前由被我當成親生兒子般疼愛的弘樹所完成的,所以現在應該跟弘樹是同樣年紀
你控制孩子們的遊戲想幹什麼,我的目的是想要讓日本這個國家重生
為什麼你會在這裡,因為我擔心你啊
說了那麼多，原來你也很想參加這個遊戲啊,是呀
這裡似乎有什麼線索,殺死堅村的兇手的線索
如果大家都出局的話，我們真的會死嗎,我可能沒辦法活下去
為什麼我們會遇到這麼倒霉的事,人家又不是因為自己想要而成為爸爸的孩子的
你們也和我們一塊嗎,別妨礙我們哦
這是我們要說的話才對,好了好了，不要吵架
為什麼會變得如此失控,讓我來好好說明
弘樹之所以想開發人工智慧,是因為自己曾經有過這種痛苦的經歷
若能將「遵循父母所鋪的路走就行」這種社會現象加以破壞的話,日本就會改變
他委託你調查什麼事,他要我再調查一次關於弘樹的自殺事件
你是說弘樹不是自殺而是他殺嗎,不，以那種情況來說應該是自殺
堅村先生和弘樹是什麼關係,堅村是弘樹的父親
要進這裡面去嗎,走吧
工藤先生既然負責策劃這個遊戲，應該知道如何攻關吧,是的
只要能聯絡,我就可以給予指示幫助他們
好冷,穿上這個吧
灰原，穿上外套吧,哎呀，謝謝你
我很怕熱，沒關係的,謝謝
聽得到嗎，柯南,我是阿笠
怎麼了，博士,聽不見啊
那麼，我們怎樣才能找到能幫助我們的角色呢,剛才警察不是已經說了嗎
可是，那是出現在柯南道爾小說中的人物吧,這個遊戲可能是個將現實與小說融合在一起的世界
那幫助我們的人是那位夏洛克福爾摩斯嗎,是，他應該是存在於這個世界的
真的嗎，有福爾摩斯的話,就等於多了100人的力量啊
我們快走吧，去貝克街,好啊，只要能見到福爾摩斯
喂，你不覺得那個鐘有點怪嗎,分針倒回去了
這是什麼意思,是在被幹掉之前先把對方幹掉吧
這麼晚了，是哪位,我，我叫毛利蘭
喂，博士,到底是怎麼回事啊
可惡，如果孩子們贏了,我就要把你這種電腦扔到大型垃圾回收場
就是你們在兩個禮拜前幫助福爾摩斯先生破案立了大功吧,來吧，快請進來吧
那是什麼,福爾摩斯僱傭的流浪小孩們
也就是我們少年偵探團的前輩,沒錯
你們先放鬆休息吧,謝謝你
我們該怎麼做呢,那個戴眼鏡的一定知道
既然是福爾摩斯,那他一定收集了很多關於開膛手傑克的資料
那麼，大家分頭來找找看吧,好，那我找這邊
既然這樣,我好想一直呆在遊戲裡啊
有了，是不是這個,關於開膛手傑克的調查
那傢伙是誰啊,自顧自說，我們可不明白啊
他是福爾摩斯的宿敵,控制著倫敦的黑暗勢力
據說他對整個歐洲都有著很大的影響力,犯罪界的拿破侖
既然教授不露身影,那我們就去找跟他有關的人好了
哇，是真槍耶,放回去，元太
可是我們不是要去見危險的傢伙嗎,還沒用慣的武器是派不上用場的，只會惹出麻煩
你們怎麼也進來了,想一個人獨佔功勞，門都沒有
他在出老千,你看得出來嗎
你有我出老千的證據嗎,當然有
莫蘭，你太卑鄙了,是你自己要上當的
莫里亞蒂教授在哪兒,小鬼，你怎麼會知道他的
我被打倒了,這樣我就還了你救我的人情了
本來打算抓住你們後再逼問你們是誰的手下,不過現在看來沒有必要了
那你就開槍吧,即使教授的紅酒被打破也沒關係的話
你想違抗莫里亞蒂大人嗎,我將他們帶來了
把那瓶紅酒交給我吧,好的
你能和莫蘭上校互相較量,不愧是福爾摩斯的弟子
聲音全都是教授用腹語講的，對吧,沒想到連這點都被你看穿
你是怎麼知道的,因為剛才莫蘭上校對大叔說「請等一下」
只有這點而已嗎,還有一點
你是在還他紅酒時聞到這股味道的是嗎,是的
為什麼要殺害無辜的女性呢,開膛手變成了超乎我想像的殺人惡魔
你要命令他殺誰,看明天的報紙就知道了
喂，你真的相信這個老頭說的話嗎,賭賭看吧
我很喜歡福爾摩斯當時所說的一句話，你知道是什麼嗎,不知道
已經過去的事即使後悔也沒用了,你們會這麼想已經可以算是成長了
據說是福爾摩斯一生中唯一愛過的女人,也就是把福爾摩斯所愛的人作為殺害的目標
請問休息室在哪裡,就在最裡面貼有海報的房間
福爾摩斯人呢,他本來很期待今晚的演出，因為出去調查案件了，所以沒法來
為什麼要殺我,因為他想看到福爾摩斯失去你之後悲傷的表情
你真的無所謂嗎？成為開膛手傑克的第五個犧牲者,大家會保護我的，不是嗎
雖然找不到幫助我們的角色,但對我們而言你就是福爾摩斯
你，你擁有這種能力,沒有什麼案子是福爾摩斯解決不了的對吧
我還沒問你的名字呢,我叫江戶川柯南
請將乘客集中到同一節車廂中,知道了
那麼各位，請舉起雙手,好讓我們確認手上是否持有凶器
難道說這隻小戒指是開膛手傑克的嗎,是的
開膛手傑克因為很想跟母親一起參加義賣會所以才留下戒指的是嗎,嗯，好像是這意思
如果從小就一直戴著同樣尺寸的戒指的話，你想那根手指會變成什麼樣呢,也許十根手指裡面只有那根手指特別的細
你知道兇手是誰了嗎,問題在於兇手是如何準備凶器的
因此可以想到的只能是,凶器是從一開始就佈置在會場裡的東西
可是，那個東西在哪裡,晚會會場裡的銅像其中有一尊握著短劍
要是去拔那個東西肯定會被人看到的,趁會場的燈光熄滅時拔下來的
可是，要是短劍不見了的話，應該會有人發現的吧,他放了假的在上面
那現在銅像手上拿的就是作案時使用的短劍咯,是的
如果剛才踢下來的短劍是真的，應該也會檢測出少年的指紋才對,可是短劍上只有辛多拉社長一個人的指紋
聽說銅像上的短劍是辛多拉家族歷代家傳的古董寶貝，是吧,你說的沒錯
殺死母親，報了多年的怨恨後，現在你還想要什麼,我想要活下去
讓流在我身體裡的罪惡之血,乘著諾亞方舟流傳到下個世紀
這把短劍呢,據說是一百年前的連續殺人惡魔，開膛手傑克所使用過的凶器
為什麼你不加以抗爭呢,就像現在的柯南他們一樣
你知道是什麼嗎,不知道
如果真的可以將你毀滅的話,為了公眾的利益我會很樂意迎接死亡
喂，如果不把列車停下我們還能存活下去嗎,我們還不能說已經贏了這場遊戲啊
難道你想辜負大家的希望嗎,傻瓜，我也不想放棄啊
讓大家得救的唯一方法,只有切斷火車頭與客車車廂的連接部分才行
可是只靠我們兩人的力量,根本掰不動那個連接部分
你們還沒有渾身浴血,你們還活著不是嗎
你們已經放棄了嗎,你們明明已經把手放在了解開真相的繩結上了
在人生這條無色的繩索中纏繞著一條叫作殺人的紅色繩索,而我們的工作不就是解開這個結嗎
到底是怎麼回事,先別問，快過來
你借用了諸星的數據一起參加了這個遊戲是吧,你是什麼時候發現的
你不用擔心,現在我已經把跟現實世界的通信切斷了
其實你相信我們一定會團結一致克服所有的危機,不是嗎
哪怕一次也好,因為我總是在工作
第一次見面時說的那句話嗎,奇怪，你是怎麼知道的
我也是從新一哥哥那裡聽來的,原來是這樣啊
還多虧他纏著我們講,所以這次我們才得救了
多里亞先生嗎,我是佛吉尼亞·古德曼
進來吧,謝謝
給我兩分鐘時間穿衣服,好的
我以為你會晚點到,沒錯，遺憾的是，出了點狀況
我打不通菲利克斯的電話,他出城了
但他向我保證我不會有事，他有個計策...,他上次也跟我這麼說
但我們仍不知道是什麼，我現在只知道一件事,什麼
你今晚很可能被傳喚參加聽證會,你在說什麼
如果我有想補充的，你覺得我會到現在還沒說嗎,他們會提請將你立即逮捕，多里亞先生
為什麼是這家離你住處300公里遠的酒店,不知道
把你們叫到那麼偏遠的地方，不覺得奇怪嗎,這有關係嗎
你和你的情婦以前去過那裡嗎,古德曼女士，我被指控謀殺，這才是問題
怎麼了,他拿到了你的手機
我會解釋一切，來貝拉維斯塔酒店715號房,這是圈套
醒後最先是什麼情況，記得嗎,有敲門聲
按你的說法來看，殺害你情婦的兇手只能是蒸發了,看起來是這樣
酒店職工說只有你有鑰匙,那個作案現場是用來陷害我的
誰設的,不知道
出於什麼原因,我不知道
不然你知道會怎麼樣嗎,怎麼樣
你會不會被判罪，不是我的職責,你錯了
我告訴你這是場陰謀，你會怎麼想,我跟你說了怎麼回事，你還要我說什麼
親愛的，巴黎之行怎麼樣,法國人太噁心了
談得不順利?,我們沒達成共識
索尼婭，我得去機場了,好的，你要回家還是回巴賽隆納待著
登機後給我發條簡訊，我愛你,我也愛你
是誰,索尼婭
幾點了,快六點了，我們睡過頭了
導航上不是這個方向,往這條路開更快
要我開嗎,來，開吧
我喜歡我們在一起的感覺,還記得我們起初說過的話嗎
你想離開索尼婭?,不想
你沒事嗎,應該沒事
聽著，我們沒錯，都怪那頭該死的鹿,我開得太靠左了
你在說什麼,要嘛犧牲他，要嘛犧牲我們，阿德里安
糟糕,怎麼了
他要是看到了什麼怎麼辦,沒有
他要是看到了車裡的人呢,得把人帶走
你瘋了嗎,他是目擊者，懂嗎
你好,你好，一切都好嗎
你有手電筒嗎,這車是我姊姊借來的，所以我不知道放哪了
要多久,修理
拖車?,不是，修理
你怎麼來這裡了,我姊姊住在巴瓦斯特羅
你是做什麼的,我是開書店的
你還沒告訴我你的名字,拉奎爾
拉奎爾，你的手機響了,沒錯
你的航班是幾點的,我正想打電話跟你說我趕不上了
這裡干擾太多了，你趕不上是出什麼事了嗎,沒有，只是引擎出了問題
蘿拉，你沒事吧,我沒事，很抱歉我沒早點打電話給你
我愛你,我也愛你
很高興認識你,我也是
你受傷了嗎，你的手腕上有血,可能是鹿身上的
你要喝咖啡嗎,好的
進來吧,不了，我就在這等
你有孩子嗎，我看到你戴著...,沒有，沒有
我丈夫想要，我也想要，但工作太忙，所以...,別拖太久就好
留下吃晚飯嗎,已經很晚了，我得走了，抱歉
他有對你說過什麼嗎,或許他改主意了
為什麼撒謊,或許他認識了一個姑娘
你聽到了嗎,聽到了
你在這裡有聽到電話鈴聲嗎,沒
他出門從不會不帶手機,他大概忘記帶了
你怎麼看，拉奎爾,很遺憾，太晚了，我真的得走了
不好意思,沒事
菲利克斯，你在哪,我剛下飛機，在畢爾巴鄂的機場
佛吉尼亞·古德曼在我這，她說控方比我們領先一步,領先一步?
你什麼時候回來,今晚，把電話給她
菲利克斯?,怎麼回事
有個新的證人，現在在法院了,佛吉尼亞?
報告中沒有這個，你怎麼知道,這和細節有關，多里亞先生
這是什麼意思,聽著
然後呢,這名女子的車牌號
你為什麼那麼緊張,你不告訴我，我沒法幫你
你跟那起男孩失蹤案有關嗎,我當時不在巴黎
我和一個女人在一起,所以伊娃證明不了你去過巴黎
你能偽造成我去過嗎，幫我搞個不在場證明?,我有的選嗎
我還有一件事要你幫忙,什麼
我不想警方報告中有我,我會處理
你告訴她警方要你指認她時，她什麼反應,我沒跟她說過這個
你在哪給我打電話,電話亭
在有監視器的地方打電話很不明智啊，多里亞先生,我知道，我當時很緊張
那你什麼時候打的，為什麼打,我意識到她會不擇手段的時候
準備好出海遊玩了嗎,我剛接到個重要電話，我要去跟李先生會面
你在哪給我打電話,電話亭
這是什麼,那個男孩的錢包
你當陪審團是白癡嗎,蘿拉曾在銀行上班
難道蘿拉一直在學習這方面的知識?,或許她丈夫幫忙了
你知道你做了什麼嗎,你覺得呢
怎麼了,怎麼了，別那樣看著我
你沒報警，因為你知道這麼做是對的,不是，這麼做是錯的
多里亞先生，你感覺怎麼樣,非常高興
你知道我是誰嗎,我只知道你不是伊凡·索托
你怎麼確定呢,我跟你說過了
我的兒子在哪,我向你保證，你搞錯了
是不是被你處理掉了,就像這樣?
地址?,別爾赫聖雷蒙街5號
會讓你想到什麼呢,讓我想到那家酒店的謎團
出於什麼目的呢,為了勒索我們，他知道我們是罪魁禍首
你有更好的主意嗎,我問你三個問題
你明白了嗎,給控方的回答要確切
你找了個人教我在受審時怎麼說?,她是打官司的最佳律師
你瞭解橫向思維的概念嗎，多里亞先生,就是改變角度去看待已給的問題
如果謎團的答案並不在那間房間裡面，而是在外面呢,她現在在別爾赫附近上班，離家20分鐘的路程
是那樣嗎,你自投羅網，還送上了蘿拉
午安,午安
有人嗎,裡面沒事吧
晚安,晚安
哪裡的聲響,715號房
你為什麼不說出真相,因為對於湯瑪斯·加里多不留蹤跡地消失一事，我想聽聽你的說法
你不是來給我辯護的嗎,那就做好你的工作
我向你保證，我的連勝記錄不會在我最後一起案子上被打破,所以，從現在起，你要按我說的做
從現在起，別再有所隱瞞,沒有了
沒有了?,沒有了
這有什麼錯嗎,你說的一切或許都發生了
但如果是你打破了永不相見的約定,而不是蘿拉呢
你在幹嘛,我在報警
他要是看到了什麼怎麼辦,沒有
那就向我承認你殺了蘿拉,我承認
你有咖啡嗎,有
菲利克斯,怎麼搞的
我手機關機了，有什麼事,我找到他了，能說你當時不在那
我們可以信任他嗎,絕對可以
你和佛吉尼亞·古德曼怎麼樣,我不得不把所有的事都告訴了她
所有的事?,所有的事
你覺得怎麼樣,你說得沒錯
她真的很棒,我們可以信任她
哪來的,你不是很聰明嗎，你告訴我啊
我們只想找到他，把他安葬,對司法機關失望的他們，決定觀察敵人，伺機而動
這裡是警局，有什麼需要幫助的嗎,我是丹尼爾·加里多的父親
你說誰很囉嗦,喂，不要突然跳出來啊，白癡
你才是白癡呢，在對著誰說話啊,我在用通俗易懂的語言給各位觀眾解釋呢
這麼說你還是不能回來嗎,是啊，忙著調查案子
聽說那個京都府警綾小路警部和白鳥警部是同時進入警界的,是啊，聽說是官宦子弟，外號「貴族警部」
那...那是什麼,是他的寵物斑紋松鼠
聽說一直帶在身邊的哦,是個比白鳥還要怪的人吧
關於兇手的線索呢,可以肯定是個劍道和弓箭的高手
真是的，這不是很重要的東西嘛,是啊，一定要收藏好才行
平次你要出去嗎,是啊，有些事情想調查一下
有什麼事嗎,本來想找你一同去友呂岐綠地看櫻花的
真羨慕柯南可以去京都啊,好像是毛利接到了一個叫山能寺的寺廟的委託
怎麼辦,試試看吧
你們三個都知道弁慶是誰吧,是義經的家將對吧
義經是誰啊,乳名叫牛若丸
我們可以去京都了,可是答對的是小哀啊
你就是那個有名的毛利小五郎嗎,哪裡，我這麼有名嗎
聽說寺裡有件十二年才展出一次的密寶,是的，就是藥師如來的佛像
我們也很想看所以才特地過來的,這樣的話藥師如來也會很高興的哦
什麼，主佛像被偷了,是的，那已經是八年前的事了
來啊，你也介紹一下嘛,好的
該怎麼答謝你呢,不用了，又不是什麼了不起的事
下次一定記得來店裡玩,回去小心一點
這一點又是什麼呢,不過是弄髒了吧
喂喂，真的假的啊,找佛像的事就交給專家
我們去參觀京都吧,就這樣就這樣
柯南也一起去吧,我就不去了
大哥哥，把竹刀還給我啊,不好意思，謝謝啊
喂，我們走吧,要好好練習哦
你在這種地方做什麼,那你又是在做什麼呢
在關西說到偵探的話應該是我吧,他們可能是不想讓警察知道吧
下一個在哪裡,蹴上斜坡
你在笑什麼,對不起對不起，你繼續
好像在哪裡看到過,真的嗎
誰也有和這一樣的珠子嗎,沒有
那麼，她知道這件事嗎,雖然我沒有和她詳細說過，但她好像是知道的
她知道這件事是因為,雜誌的採訪報道
這是什麼啊,只是個水晶珠子而已
那你認識那個女孩子嘍,我怎麼可能認識呢
而且連自己小時候的照片都登上去了,真可愛
這裡可是鐵軌啊,別和我說話，會分心的
那傢伙應該就是殺害源氏螢成員的兇手吧,可能吧
你為什麼會在這裡,在街上偶然碰到了工籐
那麼，畫裡的謎題解開了嗎,還沒，很難啊
你們幾個怎麼來了,是住持告訴我們的
你認識嗎，平次,算是吧
是我約他來的嘛,是啊
好像每個人都有本《義經記》呢,我也有啊，那可是本好書
安宅是什麼,是能劇的一個劇目
為什麼,為了騙過關口的看守
您可以去隔壁的房間,不用了，下面的房間就可以
可以看見河呢,是鴨川
受了傷嗎,是啊，一點點
是不是很關心那個舞妓啊,白癡，胡說什麼呢
怎麼了,我想起了以前和小蘭約好見面的事情了
對不起，其實我完全...,太好了
小蘭，打電話報警,是
是高中生偵探，服部平次嗎,是的
在警察來之前大家都到剛才的房間去等著吧，絕對不可以出去,知道了
你怎麼看，是外面的人幹的嗎,雖然不能說完全不可能，但是如果大門被打開發出了聲音，老闆娘應該會注意到
為什麼水尾去上廁所的時候千賀鈴要陪著他呢,舞妓們好像都是這麼做的
這是什麼,那幅畫的複印件
櫻先生就是伊勢三郎？,是啊，他好像也是源氏螢的成員
那不是很有可能櫻先生隨身帶著原件，然後被兇手拿走了嗎,原來如此
在外面的共犯把兇器從河裡撿走了,這是不可能的
為什麼啊,今晚是滿月，外面很亮的啊
還有，你是誰來著,我是警視廳的白鳥
還痛嗎,有一點
警部先生，那把短刀呢,現在正在化驗
什麼證據,證明那把短刀是殺害櫻先生的兇器的證據
沒關係嗎，不呆在醫院靜養,沒關係啦
該不會那個戴老翁面具的就是你的初戀情人吧,怎麼可能有這種事
各位有誰練過射箭嗎,射箭嗎，沒有
請進,好的，多謝
以後也請多多捧場,哪裡哪裡
剛才你唱的是什麼歌,我們叫它手球歌
你該不會認為她就是,絕對沒錯
你們幾個怎麼來了,我們答對了博士的問題
可是元太他迷了路,那就用偵探徽章啊
所以想用你的那個眼鏡來找一下,OK，就交給我吧
這東西還真是方便啊,是啊
不覺得很奇怪嗎,確實奇怪
哪兒奇怪啊,比如說如果白鳥他一個人戴著這三樣就很自然
怎，怎麼回事,肚子餓了
你真的知道殺害櫻先生的兇手是誰了嗎,是的
他沒問題的吧,總之先聽他說完
可是我剛剛才開始學，怎麼可能殺得了人呢,我也是這樣想的
服部，八年前你偷偷溜進去的就是山能寺吧,你怎麼知道
可是這顆水晶珠恐怕不是你的初戀情人掉的哦,你說什麼
我餓了,是嗎，我們馬上就到家了
這個玉龍寺，現在在哪裡,在鞍馬山的深山裡
為什麼特地選擇在先斗町而不是別的地方,因為只有那裡的茶屋後面有河水流過
怎麼知道我是兇手的,因為你刻意假裝自己不會射箭
你想獨佔佛像果然還是為了錢吧,沒錯，不過並不是為了私慾
你只是在利用龍圓先生而已吧,沒錯，之前聽他提到過佛像的事
如果你告訴我佛像藏在哪裡的話,什麼
快說，佛像到底在哪裡,就在這個寺院裡
這就是所謂的騎驢找驢吧,你胡說
你是誰,工籐新一
那麼平次的狀況呢,明天做全面檢查前必須靜養，所以工籐拜託我好好看著他
我可沒有那麼黑喲,是嗎
連小蘭都不能說嗎，為什麼,反正見不到，還不如不知道的好
找到了嗎,還沒有
你的表情還是和那時侯一樣呢,怎麼搞的，大汗淋漓呢
平次，在弁慶的抽屜裡有刀,什麼，這個櫃子裡邊嗎
你們去抓那個小姑娘,是
醒過來了嗎,爸爸
短劍嗎,這可不是一般的短劍
刃上塗了見血封喉的劇毒哦,什麼
想成為義經的弁慶是嗎,若你是弁慶，義經早在當年那個安宅關口斃命了
服部少年和毛利名偵探嗎,看來你的修行還是不夠呢
之前把你們兩個誤想成了兇手，實在抱歉,沒關係了
見到初戀情人了嗎，平次,一輩子都不會告訴你的，笨蛋
有什麼嘛，小氣鬼，告訴人家嘛,也可以，再過1500年也許會告訴你
要一個冰淇淋,好的，300日圓
嘿！,是她，瑞奇威家的姑娘多舒坦哪
可有的人得拼命幹,戴茜！站好
歡迎您來伍德莊園，瑞奇威小姐,祝願您過得愉快謝謝，巴恩斯特，我會愉快的
也許您想見見他們？,待會，我想看看花園修的怎樣
設計師還沒來呢，快去辦，巴恩斯特,遵命
真抱歉，你的管家沒告訴我,這沒什麼，沒什麼
你太美了,謝謝，你也總這麼美
茶給您放哪兒，小姐？,放在客廳裡
露易絲她怎麼了？想男人了，還有什麼,她一心一意地想嫁給一個埃及人
她根本不瞭解那個人我派人去調查了一下,結果呢？那個人是結過婚的
所以你就制止了？,你說對了我還叫她別指望我會給她嫁妝
噢，林內特,噢，真漂亮你喜歡我很高興
有件事我想跟你說說想請你幫個忙,你盡管說吧這可不是件小事
我訂婚了,傑基，這太好了
給他找個事？找事？,這這兒，伍德莊園，行嗎？
你不覺得應該先說說他人怎麼樣？,嗯，他叫賽蒙，賽蒙多爾他是…他是我最中意的人了
傑基，你喜歡嗎？,喜歡啊
噢，真漂亮,可不是嘛
他喜歡鄉村,能在這兒找個事那最理想了
哦，林內特我要不嫁他我就寧可去死,真的，寧可去死
你太癡情了,是啊
好吧，要我幫什麼忙？,你現在有了這麼大一個莊園總得有個人替你管管
我想要個有經驗的聽我說…,賽蒙…他在劍橋學產業經營管理的他很適合
你這麼吧你要不喜歡，可以辭了他，我知道你會喜歡的,好吧，你明天把他帶來
好,讓我先看看謝謝
她要不用我，那多難堪啊放心吧,林內特答應了，差不多答應了
林內特不見得會喜歡我,胡扯，她會喜歡你
你幹這事最合適了，最合適,我盡可能不叫你失望
賽蒙，我真愛你,你叫我太高興了
我們去埃及度蜜月,這次你埃及可去成了
林內特，他來了,下來別鬆手啊，親愛的
就是他，我的賽蒙,你好，傑基說了你很多好話
他合適嗎，他好嗎？,是，我看他倒挺合適
布萊梅號今晚上啟航我還能趕得上,你想去買通那些英國律師？不，傻瓜
那幹嗎？,我到埃及去她不是在那兒度蜜月嗎
他們在度蜜月，她不會那麼清醒你懂了嗎？,可是林內特並不傻，潘寧頓
你這麼仔細研究什麼？,她的相片？還是項鏈？
你說話可要謹慎點，鮑爾斯留神我把你辭了,我在乎這個？
華盛頓有錢的寡婦多著呢,都想雇個能按摩按摩又能順從她們的人你要辭就辭吧
好大脾氣，鮑爾斯看來你需要散散心了,那麼到尼羅河去走一趟好嗎？
那地方我可是討厭透了，我最受不了的就是天熱和異教徒,那好，我們去
幹嗎不裝個自動電梯,懶骨頭！懶骨頭？
想到快到快到比真的到了還有味兒,多美呀！
快活嗎，親愛的？,小傻瓜，我們是最幸福的人，最美的人，最幸運的人，最孤獨的人就我們倆，沒別人
傑基…你在這兒幹什麼？,看看風景，跟你們一樣
可在威尼斯和不列顛我們也都碰見你了,真是太巧了
她總是跟著我們，存心的,是這樣，簡直不能容忍
騷貨！我們到哪兒她都蹦出來就像一隻袋鼠在發情,簡直不能理解她
我看這都得怪我,是嗎？
是我毀了婚約娶了你,她當然很不高興
我看她心裡得意的很哪,不，親愛的
我們是幸福的，別讓傑基掃了興,當然
這是美好的蜜月誰都別想破壞它,我愛你
瑞斯上校！你好啊見到你真高興,我的老朋友，好極了，好極了是啊
好久沒見到你了，自從…那個砍下牧師腦袋的離奇案件後,是啊，是啊
我至今還覺得你真運氣從煙囪裡把刀找出來,運氣？對我來說是運用大腦的結果
運氣，我留給別人了,對了，我忘了你對自己的評價了
請問你來這兒幹嗎？我是來度假的，坐船到尼羅河上遊玩玩，你呢？,真巧，我也是哦…
換句話說你想跟蹤某個遊客,哦，不，不僅僅是來度假，朋友，跟你一樣
這椅子有主嗎？這世界上，同志，都是有主的,什麼？哦，沒關系，坐吧
謝謝，你在讀《資本論》？,啊，我出門總帶著
我是貝斯納大夫我的貝斯納學院在蘇黎世,簡福克森，世界的公民
你是來度假的吧，啊？,不，我是來觀察資本主義制度衰亡的，朋友
眼前就是個很好的標本百萬富翁的女繼承人,寄生蟲你不滿意？
她讓我惡心在任何合理的社會裡…,是啊，也許你對她的權利也太大了
先生噢，謝謝你,乾杯
林內特，林內特，親愛的安德魯大叔真沒想到我不知道你也來埃及旅行了,是突然決定的，說實在的我來度蜜月的
度蜜月？這位就是新郎？,親愛的，這是我的美國律師兼託管人安德魯潘寧頓
你好跟我們一塊坐吧,那好，就稍坐一會兒
真是引人注目啊連你這英國人也在含蓄地盯著她,她太美了噢，她太有錢了
你當然知道她是誰當然知道,請原諒我打攪你們剛才我還跟我的女兒打賭
你是霍克爾波瑞奇著名的法國偵探,不全對，霍克爾波洛著名的比利時偵探
說對了吧，羅薩利,現今世界上只有一個波洛先生他是獨一無二的，就像我也是獨一無二的
我母親，薩萊梅奧特伯恩小說家,啊，你就是薩萊梅久仰了，很榮幸
你瞧我們，兩位名人聚在一起了,應該說三位
啊，認識一下我的朋友瑞斯上校這是奧特伯恩太太和她的女兒,榮幸，太榮幸了，請坐，太太，小姐
你現在大概在寫另一部書吧太太，以埃及為背景？,你真聰明絕頂，怎麼推斷出來的？波洛先生
我是來感染一下當地色彩是為寫我的巨著…《獅身人面像上的白雪》,這死沉沉的謎煥發出炙熱的愛，就像這個剛剛從學校畢業的英國少女，能融化沙漠酋長那顆坦誠的心
不過我覺得波洛先生不是個愛看愛情小說的讀者,他當然愛看！法國人都愛看他們才不怕對性的描寫，根本不同於我們國內的那些大圖書館，他們禁止薩萊梅奧特伯恩真實地描寫男女之愛
也許你願意跟我跳個探戈我的小姐？,飯後稍微地活動活動
會跳探戈嗎，上校？怕跳不好，太太,那讓我來教你，就像從前西班牙人跳的，當時叫做奇卡
喂，波洛先生，我看見林內特找你了，她給你多少錢讓你趕我走？,不，我沒有接受多爾太太的委託
是作為真誠的朋友跟你談談還有什麼？你想說什麼呢？,說我這樣是在當眾出醜？說我瘋了？
我說死了心吧不要像埃及人那樣…為了使靈魂永遠不死而把屍體保存起來,不，永遠死了這條心
不要往後看，要向前看,記住，時間能夠醫治一切
你以為我在受苦？你錯了相反我覺得很有樂趣,對！最糟糕的正是你覺得很有樂趣
這東西很小，卻能致命，我爸爸把我教成神槍手，有時候我真想把這槍對準她的腦袋，然後只要輕輕地…一扣，我越來越想聽那槍聲,我瞭解你的心情有時候我們也會有的
我只是想警告你…別讓邪惡鉆進你的心它會留在那兒作怪的,心裡要沒愛情，邪惡當然降臨
你好啊，波洛先生你回旅館嗎？,還能去哪兒？
你瞧，把這個送林內特她會喜歡嗎？,那要看她抽煙嗎？她只抽香煙
對了，你跟傑基談過了嗎？,談了，就在剛才談的
好，但願她能明白點,她能明白的就是永恆的復仇
你開玩笑？,從不開玩笑，朋友
可傑基這個人很固執想要就要，不過呢…她也想要過你？,大概是吧，對，要過
可她脾氣可懷呢，主意又大都得由她做主？,對
男人可受不了這個，是不是？,對對，是受不了
我第一次遇見林內特，怎麼說呢…,就像早晨的太陽蓋過了月亮一樣
認識了她，傑基就不存在了,對，有些女人是有這種力量
可你怎麼擺脫你目前的困境？,我有個絕妙的辦法而且十拿九穩
去火車站，越快越好,謝謝
對了，你準是貝斯納大夫一嘴漂亮的德國式小鬍子,我看你永遠當不了偵探，先生
我叫波洛，霍克爾波洛,啊，著名的波洛先生我未免太失敬了，失敬了
我說，這樣是不是更簡單我們告訴你姓名，你把我們訂的客艙說一下,簡單？啊，那好啊那當然簡單啦，當然啦，這樣一來最簡單不過啦
這下可好了，到底把她給甩掉了,那還用說嘛，你是天才
賽蒙幹得還不錯吧？,像童話一樣
你是瑞奇威家姑娘吧？你是範斯凱勒太太,我還當你不會先打招呼呢我不大跟陌生人打招呼
噢，項鏈真美,謝謝令人驚奇啊
知道怎麼變的嗎？一粒小小的沙子鉆進了一個蚌殼裡，到後來就變成了一顆寶貴的珍珠，戴在你這樣一位美人的脖子上,我可沒這麼想你應該想那蚌為此送命了
我的傭人鮑爾斯她跟世界拳王打過15個回合那拳王就此一蹶不振,對不起，瑞奇威小姐
你對那項鏈又眼饞了,住嘴，鮑爾斯
就因為你對她父親有仇…也用不著這麼粗暴有仇？,她那該死的父親毀了我的全家
我說你應該感激才是要不你不會有幸來服侍我了,光憑這個，也恨不得殺了她
寫文章還要誹謗人，是吧？,真遺憾你居然如此看待《柿子樹下的熱戀》這本書
要知道親愛的我寫這本書是為了恭維你,直說吧，奧特伯恩太太我可不認為被人描寫得像一隻色情狂的猴子是恭維
我想還是由律師來決定，你對我進行下流地描寫，該怎麼賠償我名譽損失，再見,沒教養的！我會讓你知道究竟什麼是名譽
太不負責任了吧？,對，很不負責
裡面沒半點差錯核對過了，我反復地核對過,我總是先看過再簽字，我父親教我的，他常說誰也別信，哪怕你是律師
你去世的老爸爸他真會說笑話,是這樣
就是想喝酒，你呢？,好吧，看在新婚份上
但願我不是在多管閑事我是律師,我得說我非常欣賞你那種一絲不茍的態度
你父親完全正確總要先看過，然後再簽字，我想你也同意吧？,當然，當然反正不急
我希望我沒有得罪他得罪又怎麼了？你是…？,瑞斯，瑞斯上校得罪又怎麼呢
跟我們一起喝一杯吧？,謝謝，太謝謝了
你怎麼樣，波洛先生？來喝一杯慶祝一下,瑞斯和我會跟你們喝的過會兒來
太太，有話跟你說,過會兒，露易絲
過會兒，露易絲,不，這會兒，要緊事酒吧間等你
說吧,我接到份電報
可是太太，你不能不給,得了吧，露易絲
我應該去，你把答應過的錢給我吧，我已經跟了你五年了,這是完全辦不到的
太太，你答應過我,可他們還沒離婚，露易絲
我求求你，我要那筆錢做嫁妝，我幹活沒偷懶,我沒辭你前，你還得照樣做下去
我就知道你來不是什麼…怎麼說的？僅僅是度假來著,我可以告訴你，我秘密地為多爾太太的英國律師事務所工作
我們懷疑安德魯潘寧頓在…,侵吞她的財產？
侵吞她的財產？,就是這麼回事
根據她父親的遺囑她一結婚就可以經營這些財產，而現在她已經結婚了潘寧頓剛想讓她簽一個…,擺脫困境的文件
真的嗎？,是真的！
現在怎樣？,沒什麼
在健全的世界應該把她幹掉來警告別人,幹掉？
對死者不存在誹謗，對嗎？,你的話我聽不太懂
你是不是回到船上去休息一下,好吧
有這事？,噢，有
噢，這真是太奇妙了,簡直叫人無法理解
哪裡有四千年啊？,這些柱子是西元前1788年建的，我們都同意你
怎麼回事？,我沒事，真的沒事
我得去參觀阿布辛剖廟,那可真值得一看
它們怪可怕的,不，不可怕
你還不打算死了心啊？你不肯離去？,不，我不會離去
它會為我發出聲音嗎？,當然！
你怎麼這麼說？,因為這是事實！
最東邊的，就是那個最著名的會發聲的塑像,真的？
真的？,對
我早就盼著跟你私下談一談，可一直找不到機會,我們有什麼可談的？
你在一些有地位有名望的人面前說了我不少很不入耳的話,我說你是個庸醫
那你告我，你敢嗎？,你明知道我不能告
這是要你命的事嘍？,但願這不會要你的命！
幾點鐘了？,鐘在那兒，拿眼看嘛
你是想喝甜酒還是白蘭地？,不，謝謝
在蘇黎世辦學院的是你呀,不錯
我媽媽是好出身,可她的好家風沒傳給你
你肯定帶來了？,當然帶來了
怎麼哪兒也沒有啊,拿眼看嘛
遵命，太太晚安,晚安
好吧，我的披肩呢？,我沒看見
你今天好像困得很，波洛先生,是啊，我非常非常地…我實在太困了，太太也說不上來怎麼了我連眼都睜不開了
真對不起,噢，沒事
今晚尼羅河有點起浪了,是啊，的確，是要翻騰了
再見,再見
賞岸去了？,是啊，月光下可真美，可真是蜜月之夜
來喝點？,不，謝謝
我想睡覺了,我看是該睡了是該睡了
晚安,晚安
不早了，我也該走了,不，你再坐一會兒
談談你自己的事，嗯？,我沒有什麼好談的
我看你夠了吧？,夠什麼？
是沒我的事,對極了
你怎麼了，賽蒙，害怕了？,害怕什麼？害怕我會把我的一段經歷…告訴這位可愛的小姐
我可真得走了,別走，是一段很傷心的事
她怎麼樣？,一個對過去情人開槍的人還能怎麼樣呢？
骨頭打碎了，而且血流了不少,不要緊
我守著她,好
開開門，對,慢點走，慢點走
好了，你給他頭上捂塊濕毛巾,是，醫生
我去把那槍撿回來,那東西留在那兒不太好，是吧？
那東西留在那兒不太好，是吧？,是啊
剛才出事了,知道，知道奧特伯恩小姐告訴我了
傷勢很重，再給我一塊布,好，這就去
鮑爾斯小姐，她不要緊吧？,是的，我給她打了嗎啡
你看是不是需要告訴你妻子？,好，好吧，你去吧
我給你做副夾板等你睡著了我給你夾上，嗯？,謝謝大夫
誰會把它拿走？,誰知道啊？
什麼？,沒什麼
那我就聽你的吩咐了,謝謝
大夫，談談情況吧,是被很小的子彈打中的口徑大概是.22，而且槍口離腦袋很近
噢，你是說燒焦了？,對，對，燒焦了
你看這是什麼？,哦，這個意思很簡單，這是多爾太太臨死前她想對我們指明誰是兇手，所以就用手指蘸上血在墻上寫了J，傑基
你盡說些蠢話，她當時就斷了氣,真的？
真的？,是啊
根本不可能用手蘸血寫字,對，對
你是在開玩笑？,小小的玩笑，不過有點不合時宜
大夫，人什麼時候死的？,她死了至少有六小時
這就太奇怪了,怎麼了呢？
好極了，希望排除嫌疑能夠順利地進行,恐怕不會順利，上校
至少先生，你總不能懷疑我吧？,噢，怎麼不能？
你有充分理由殺她，根據我昨晚的發現,哦，是給你偷聽了
我是說可以告她,那你就毀了！
可是我不會做出這種事,這很難說！
當夜深人靜，你趁著病人睡著的時候溜出了你的客艙，到多爾太太那兒把她殺了,不，大夫先生，我不能排除你你的那些假設…言過其實！
你完全有可能用它打死多爾太太,我可能做，但事實上我沒做！
所以肯定不可能是她殺的,對，完全不可能
你這人真可惡，你裝得又善良又體貼人，原來是想陷害我們！,我必須查明真相究竟是什麼
她是社會上的寄生蟲像她這樣的人應該把她幹掉,噢，是啊，幹掉她來警告別人
我？,是的，你，小姐
簡直胡扯，這話你聽誰說的？,是你親口說的，小姐，三天前
你怎麼竟敢偷聽別人的談話！,刮進耳朵裡的
真的嗎？,對，是真的
你的意思是說你給傑基小姐打了嗎啡之後，她一夜沒醒？,是這樣，過度緊張、醉酒加上嗎啡，船沉了她都醒不了
可我幹嗎要殺多爾太太？這件事都過去這麼多年了,因為造成的後果使你至今心裡感到不滿
不，遺憾的是，小姐，我不會因為你抗議就不懷疑你，依我看，你有手段有動機有時機,你的話說完了嗎，波洛先生？
你的話說完了嗎，波洛先生？,暫且說到這兒，如果有必要，你得準備回答我進一步的問題
暫且說到這兒，如果有必要，你得準備回答我進一步的問題,我絕不回答你
是真的？林內特的事？,千真萬確
你們都以為是我，可我沒殺,安靜點，安靜點，小姐，我們知道你沒殺多爾太太
他會原諒我嗎？,會原諒你的
我看我們還是先去看他，他現在應該醒了,好主意
這件案子最引起我興趣的就是那支槍,槍？怎麼會沒了？
槍？怎麼會沒了？,我不認為槍這麼重要，許多案子兇器常常不見了
在誣陷別人的案子裡也這樣嗎？,不，為什麼兇手在那牆上用血寫下了一個J？又拿走傑基的槍？
不，為什麼兇手在那牆上用血寫下了一個J？又拿走傑基的槍？,我明白你的意思
你還好吧？,好，謝謝
我剛才暈過去了,吃點東西吧，吃了你就有精神了
不，謝謝，我吃不下,你吃不下？
那麼就讓我來吃？,你吃吧，都吃了吧
簡直不能相信林內特死了,太不幸了
我想她一定要受冤枉了,可我知道她不會下這種毒手的
那麼依你看究竟會是誰呢？,幾乎誰都有可能
我來看看你歇得好不好？,我好得不能再好了，謝謝你
屍體是你發現的，你總應該向我們提供一些情況吧？,對不起，你…你懷疑我？一個正派的姑娘？
服侍她上了床以後你去哪兒？,回我艙裡，還能去哪兒？
你沒有看見或是聽見什麼可以提供給我們？,怎麼可能呢？我的客艙是在船的另一邊
還要我說什麼？,並沒有人懷疑你什麼
你最後什麼時候離開多爾太太的？,昨天晚上，我幫她換好睡衣之後
正因為這個所以你非常恨她,可我沒殺她
最後一個問題，露易絲你太太的珍珠項鏈哪兒去了？,她的項鏈？她昨晚上還戴著呢
今天早晨還在嗎？,我沒看見，我走到她床前，看見太太，我大叫起來就跑出來
真夠熱的，我得去換件襯衫,對，稍微歇會兒，讓我們洗洗換換
沒什麼，我聽到了SOS，是故意放的嗎？,當然是故意的，可是別想用一條眼鏡蛇來阻止調查
偵查得怎麼樣了？還沒抓住什麼人嗎？,還沒有
我們一塊兒坐坐談談好嗎？,當然
那麼你就在多爾太太隔壁吧？,是的
夜裡你聽見什麼特別的聲音嗎？,當然聽見了，我睡覺一向很警醒，
昨天夜裡砰的一聲把我驚醒了,砰的一聲？
砰的一聲？,一點沒錯，就像是開香檳酒發出的聲音
會不會是小手槍的聲音？不是開香檳？,很可能
這是你的嗎，太太？,當然
找到了，找到了,太妙了，太妙了
謝謝，喬德里先生,別客氣
請問你指的是什麼呢，先生？,我指的是波斯坦珍珠項鏈，太太
原來是多爾太太的，可是被人奪去了,奪去了？
對這位老太太非得這麼粗暴嗎？你好像對誰都懷疑一番,都有道理的，上校，難道老太太就不會殺人了？
幹嗎這麼急呀？,跟你說，我感到有不祥之兆，越早趕到越好
跟我一塊來喝點什麼？,我不喝，謝謝
對，可誰會為這事殺人呢？,怎麼不會？
我們還沒有檢查過呢,真的，這就查
你們倆都給我走吧,如果我們打擾了你，我們深感不安
打死林內特的不是這種槍,對，當然不是
你們幹什麼？,檢查你的私人文件，先生
檢查別人的東西，這也許是巴黎的習慣,可是這兒是布魯塞爾，先生！
你們沒有權力到我的艙裡來，沒有權力！,我們有權力
這跟我的文件沒有任何關系,恰恰相反，它證實了僅管多爾太太已經結婚，你還企圖控制她所有的財產
你能安排我見見他嗎？只要五分鐘，可以嗎？,有什麼不可以呢？
那又怎麼？可這並不犯法,你們詐騙委託人就是犯法
她的事務井井有條,但願真的如此
你按不到我身上，滾出去！我聽夠了你這些廢話！,總有一天，你不得不從檢察官口裡聽到更多的像我這樣的廢話
啊，很好，體溫下降了,太好了
你怎麼樣啊，我親愛的？,不好，波洛先生，我心裡很難過
我沒有殺她，我發誓,你不必說了，我知道
傑基小姐，現在可以見他,謝謝
昨晚我瘋了，差點兒打死你,靠那支小小的玩具手槍？
這腿還能走路嗎？,你別傻了，一取出子彈我就完全好了
賽蒙，我心裡很難過,別難過，你不必掛在心上
跟我一塊兒喝點吧？,不了，謝謝
晚上好,晚上好
請貝斯納大夫,是，先生
你看這是什麼？,鈔票，像是一張1000法郎的
這對我們有什麼用？兩個女人誰殺的我們還是不知道,不，這話不完全對，要知道你跟我全都弄錯了，該知道的我們幾乎全都知道了，不知道的是那些我們認為不可思議的
把屍體抬到冷藏室去,是，先生
多爾先生，我知道誰殺了露易絲,什麼？你說你知道誰殺了露易絲？
我必須立刻跟你們還有大夫談一談,我要是你我就不進去，大夫正發火呢
你一定是瘋了,不，我沒瘋
你明白了？,我得承認我可是一點不明白
我不許你來這兒,可我必須來，這太重要了
我不願意當著他的面說,那你就乾脆別說了
我知道是誰殺死露易絲的，我親眼看見的,請說下去，太太
你當時是朦朦朧朧看見的嘍？,嗯，是朦朦朧朧的，但是我的視力特別好
她為什麼對我們說著這話？,是暗示
可幹嘛要暗示我們？,她知道兇手是誰
這是貼近她的頭部開的槍？,一點不錯
我愛你,我知道
對，可你還是沒懂我的意思,很抱歉
你跟他本來是情人,現在仍然是情人
這不是真的，不是的！,這是真的，何必要抵賴呢
你是有一點怪我，是嗎？,是的
我們剛剛訂了婚,恭喜你了，小姐
這個地方快要像個殯儀館了,天哪，沒多久你也該去那兒了
謝謝，再見了,再見，祝你好運
你需要去散散心避避暑,剛才我才想到要去戈壁灘玩玩
要不要我來開啊！好嗎？,好啊
那他們見到了什麼嗎？,他們不認識這個女孩，沒有見過這輛車，一無所獲
我們在開車回家的路上,在回家的路上，沒有錯，是在回家的路上
那麼，我們怎麼才能救出那個舊旅館裡的那些姑娘呢？,你不可能的，無論你做什麼她們都是死的
那我就不明白了，如果我們不能救出她們，那我們測試的目的又是什麼？,目的就是要習慣這些
我五分鐘之內就可以搞到她的電話號碼,我只要兩分鐘就夠了
說話算數啊，我賭20美元,20元不少啊
嗨，我想我認識你，對吧？,你是...啊...吉爾，對吧？
你胡扯什麼？,你不會明白的
對不起，我看到了,別太擔心，沒有什麼大不了的
路過他的辦公室時，桌子上有些推薦信,我看了
他要加入這個團隊嗎？,他只是來觀察的，並不參與其中
對他友善點，就像對待我的屁股一樣，無意冒犯，探長先生,沒有關係，我就當沒有聽到
事情並不總是這麼完美,能聽到你也這麼說，真好，長官
我把要點說清楚了嗎，探長先生？,基本上是這樣的
別擔心，在內心裡他是百分之百的美國人，對嗎？,絕對的美國人，像判了死刑一樣
噢，還有另外一個人很快就會過來,會是誰？
嘿，哈里斯，無論你設置了什麼樣噁心與複雜的犯罪景象，我都會破案的,希望如此
這些罐子是作什麼的？,也許是用來模擬軍事目標的，總之來說，都是用作軍事用途的，別碰就是了
嗯，探長先生，你來這個像天堂一樣的小島的真正的目的是什麼呢？,與你一樣，被推薦來的
為什麼呢？我的意思是你放走了兇手？還是在哪方面失敗了？,到底是為什麼呢？
你不會對我的故事感興趣的,實際上我想知道
我是餵鴨子來的,我見到你也在餵鴨子，也許我們可以一塊餵
不，不，沒有關係,好的
我不吸煙,我知道
嘿，文斯，你去查看一下小鎮的那一邊,好，好，好
探長，我們一起找？,你自己找吧，我在度假
我想你偏離了工作方向,可能吧
我想知道它是怎麼他媽的到這裡的,我說問題的關鍵是它為什麼在這裡
這應該意味著什麼？,那麼，這是不是意味著某種警告？
你知道我恨你什麼嗎？,什麼？
莎拉，為什麼你不檢查一下那個受害人？,好的
為什麼你不去查看一下僱員記錄？或者流水賬目，看看誰在這裡買過東西，誰在這裡工作，諸如此類,讓我來做個徹底的搜查，找出時間線索
你能不能把這些都記下來？,當然可以
我的腿,不，別動它
快救我,快離開，不然會倒在你身上
讓我們談談這個還有哈里斯吧,不會是哈里斯幹的
你不應該帶武器的,我很高興我帶來了
我們是不應該帶武器的,我從來是槍不離身的
你沒有事吧？,是的，我告訴你了我沒有事
是的，我告訴你了我沒有事,是的，我知道你告訴過我，但是當人們問我有沒有事的時候，我會說都沒有事
那麼我是不是可以問些別的問題？,無論什麼都可以
因為敵人可能就在身邊，你是不是有什麼事瞞著我？,沒有
我們知道在島上有個殺手，是一個知道我們是什麼人，我們來這兒做什麼的人,這就是問題所在，除了我們之外沒有別的人在島上
你要往哪兒跑？,嗨，夥計，我可以解釋
這間房間從什麼時候開始是安全的？,從我們全都在這間房間裡開始
住嘴,聽著，我可以解釋
聽著，我可以解釋,我說住嘴
你不知道我是誰,我知道你殺了J.D，這就是我所知道的
我想知道下一個陷阱是什麼，現在就想知道,我不能告訴你，因為我不知道
你從到這兒以來一直在說謊,那也不能證明我是兇手啊
如果你不告訴我們真相，你將永遠不能離開這個房間，現在開口說吧,好的
僅僅談話，也許並不足以解決問題,聽著，他們採取這種方式一定有其原因，不是嗎？
你們可以用測謊儀來測試我，快測啊,他在說謊，看他的眼睛
我不是個有暴力傾向的人,那你就快要真正的認識你自己，知道自己是怎麼回事了
六點，我們兩個中有一個會死,我知道，那是你
我也去與你一塊搜查,你不想這麼做的，夥計
有人知道嗎？我們在這裡思考的所有人？,就這麼簡單，都是他媽的該死的數字
什麼？,那是什麼？
你就在那邊上，你能摸著嗎？相信我，在那個儲藏室有個電源控制箱,聽著，我能
你沒有事吧？,是啊
你確定嗎？,對
一般人要學幾年的相關專業課才行,沒錯
看著我，看著我，看著我,說的都是我，嗯？
你知道這個故事讓我很不安,如果我不知道會令你更加不安
槍放在桌子上，所有的人,我不會交出我的槍的，我從來都槍不離身的
檢測一定是什麼地方搞錯了,我不會跟你廢話
開始吧,等等
她想要我們都死於水下,真殘忍
你走出那個門，你就別再回來了,我為什麼要回來？
如果他發現他的訓練項目會被取消又會如何？,不，不，沒有可能
我們每個人都會幾招,也許她也會這幾招
我不相信她,你們我誰都不相信
剩下的會是誰？,剩下的是最後一個還站著的男人
你參加FBI就是為了這個？,沒錯
最後一個問題,什麼時候情勢算是安全了，探員？
史達琳，克勞福要見你,謝謝
找克勞福嗎？他快回來了，在他的辦公室等一會吧,好的
你的導師說你是班裡的高材生,希望是吧，他們還沒有公佈成績
坐下,是，長官
它說你畢業後，想在行為科學組替我工作,是的，我很想
我們正在訪問被囚禁的連環殺手，作變態行為的分析，對一些懸案會有很大幫助,喔喔
你會否很易受驚？,不會
我們最想見的那個人拒絕合作，我想你去精神病院找他,那人是誰？
但無論如何我們都得嘗試,若他不合作，我要如實報告
他的容貌和監獄裡的狀況如何？,這是萊克特的檔案
週三早上8點把你的報告交給我,好的
對不起，為何這樣急？,萊克特已經坐牢很多年了
他和野牛比爾是否有關連？,但願有，我要你非常留意
執行你的任務，但千萬別忘記他的身份,是什麼？
你會在巴爾的摩過夜嗎？如果你有適當的嚮導，這可是個很好玩的城市,我肯定，這是個了不起的城市
但我要見萊克特醫生，下午還要回去報告,是的，那我們快點吧
克勞福真是聰明，他利用你,什麼意思？
什麼意思？,找個漂亮的女人來引誘他，我相信這8年來萊克特都沒見過女人，而你正合他的胃口
不可接受他給你的東西，明白嗎？,明白
你若在我辦公室時提出來，就可省掉我的時間了,是的，但我會錯過與你同行的樂趣
若我單獨去的話，我們運氣可能會好點,你認為如何？
你好，我是巴尼，他說過了，不要走近那塊玻璃,對，他說過了，我是克麗絲·史達琳
他在最盡頭的那個牢房,好的，謝謝你
靠右走吧我放了一張椅子給你,很好，謝謝你
你是克勞福的人，是嗎？,是的
可否看看你的證件？,當然可以
一周後就到期了，你不是真的聯邦調查局探員吧？,我仍在受訓
克勞福派個見習生來見我？,是的，我是個學生，我是來向你學習的，也許你可以決定，我是否夠資格這樣做
那些細節都是來自記憶嗎？,史達琳探員，我只有記憶，沒有景觀
至於你這份拙劣的問卷，就不行了,我只是要求你看看它，做不做隨便你
他一定很忙了,忙於追捕那個新手野牛比爾吧？
你可知道，為何他被稱為野牛比爾？,請告訴我，報紙上沒有說
你以為憑這份拙劣的東西，便可分析我？,不是，我相信你的學識
那做這個測驗吧,不做，但我會令你開心
我會給你一個大好機會,什麼？
爸爸，你有沒抓到壞人？,沒有，他們跑掉了
轉過身來，把雙手放在後面,好的
邁克斯死了,怎麼會？
你的電話，是教官,謝謝
但你提到莫菲，有後續行動嗎？,他在被捕前，把大部分病人的病歷銷毀了
我不知道對這件事該有何感想,你不用感想什麼，萊克特這樣做只是為了自娛
自從1980年就沒人來過？,據我所知，沒有
要幫忙嗎？,好的
我的顧客都很重視隱私權,我答應不會擾亂任何東西
為何你不問我，關於野牛比爾的事？,你知道他的事？
沒有大礙，只是皮外傷,謝謝
若你沒有殺他，那是誰殺？,誰知道？對他來說是件好事
賴普是個異性裝扮癖好者？,生活上？不是，只是普通的躁狂抑鬱
你看到他時，有何感覺？,初時很害怕，後來便很振奮
克勞福在提拔你，是嗎？,看來你們互相傾慕呢
你認為克勞福對你有遐想嗎？,我從沒想過
跟你做愛？,我沒興趣，這是邁克斯會說的那種話
要我幫忙嗎？,可以嗎？
當然可以,謝謝你
可以嗎？,當然可以
不用客氣，你好像是傷殘人士,是的，我搬到這裡但搬不上貨車
來吧，抓著，上,好的
你上車，我想把它推進去,真的很謝謝你
行了嗎？,行了，很好
我們會跟克勞福一起去,去哪裡？
史達琳，仔細看看，告訴我你有何發現,他是個白種男人
他不是個流浪者，他有自己的獨立房子,為何？
為何？,他下毒手時，需要私人地方
不錯，有問題嗎？,有的
什麼？,對不起
謝謝,謝謝
你還觀察到什麼？,她不是當地人
瑞，替她的牙齒拍照，稍後傳真到失蹤人口組,好的
那是什麼？豆莢嗎？,不，是一隻蟲繭
幫幫我,好的
你看這些是什麼？,跟其他死者的形狀不同，拍幾張大特寫
探員們想看你怎樣應付，很要緊的,我明白了
那令你很氣惱吧？,那只是個煙幕，我要打發他走
不公平，你用食物引誘它,真無賴，仍然是輪到我
若那只甲蟲推動你的棋子，也算數嗎？,當然算數，你怎麼玩的？
這東西從哪來的？它黏糊糊的,在一個被殺死者身上找到的，屍體在埃爾克河裡
是野牛比爾幹的嗎？,我不能透露
史達琳探員，你不查案時會做什麼？,做個學生
博士，你是否對我有意？,是的
找到了,你找到什麼？
認識它的人，多叫它做骷髏飛蛾,它從哪裡來？
他是我的病人，我有知情權,我明白
請你跟他談，或讓我執行任務，明白嗎？,如果你的分析，能幫助我們抓到野牛比爾，及時救出凱瑟琳馬丁，參議員答應把你轉送到位於紐約奧尼達公園，可看到附近園林景色的醫院
好嗎？克麗絲，可憐的凱瑟琳在等著,好吧
你最糟的童年記憶是什麼？,家父去世
談談西維州小姐吧，她是否身材肥大？,是的
你有捉拿到他的本領，知道嗎？,不知道，為何？
還有什麼線索？,她的喉嚨被異物塞住
一隻蝴蝶？,是的，一隻飛蛾
你父親被殺後你成了孤兒，後來怎樣？,我去了蒙大拿州，跟我母親的表妹夫婦同住
他們有一個牧場,牧牛場？
你在那裡住了多久？,兩個月
為何時間這麼短？,我跑掉了
我做吧,好的
你仍以為可在沙灘漫步和看鳥兒嗎？,不會了
她沒聽過跟你有任何協議,他們騙你
傑克，漢內堡萊克特正被轉送往孟斐斯途中,轉送？
你可有個見習生，冒參議員之名向萊克特提出一個虛假建議？,是我的主意，我逼不得已
我帶了一份宣誓書，保證你新的權利,在我簽署前要看看的
你有沒有給她餵奶？,我有的
令你的乳頭變得堅挺，是嗎？,你這個混蛋
告訴我，媽媽，當你的小女兒被殺時，你會感到振奮？,把這個畜生帶回巴爾的摩
若我再想起什麼，我會通知你的,好的，謝謝你
你的套裝很漂亮,謝謝
野牛比爾叫什麼名字？,這是目前有關當局的秘密
小姐，你知道規矩吧？,知道，我以前盤問過他
你畫的？,是
還是在你們破案前，克勞福派你來說最後一次花言巧語？,不，是我自己想來的
你保重，日後報答我吧,我不能作那個承諾
你尋找的這個人，他做什麼？,殺害女人
他主要是做什麼？他殺人是為了滿足什麼？,憤怒，社會認同和性困惑
你的眼睛，又可有尋找你要的東西？,有的，請你告訴我吧
有的，請你告訴我吧,不，輪到你告訴我了
你可有感到一些眼睛在盯著你？,有的
我聽到一種奇怪的聲音,是什麼？
你怎麼做？,我下樓，走出屋外
你在何時出發？,很早，天還沒亮
有東西吵醒你，是不是一個夢？,是尖叫聲，像小孩的尖叫聲
給我兩分鐘時間穿衣服,好的
我現在只知道一件事,什麼
你和死者為什麼會在那家酒店,我們是被要脅才去的
為什麼是這家離你住處300公里遠的酒店,不知道
把你們叫到那麼偏遠的地方不覺得奇怪嗎,這有關係嗎
醒後最先是什麼情況記得嗎,有敲門聲
我告訴你這是場陰謀你會怎麼想,我跟你說了怎麼回事你還要我說什麼
談得不順利,我們沒達成共識
幾點了,快六點了
導航上不是這個方向,往這條路開更快
要我開嗎,來開吧
我總在撒謊,你和我在一起時就不會
但你和我在一起很開心對嗎,我喜歡我們在一起的感覺
你想離開索尼婭,不想
你沒事嗎,應該沒事
你在幹嘛,我在報警
這裡出了什麼事,我開車分心撞到了他的車
要我叫救護車嗎,不用沒事謝謝
他要是看到了車裡的人呢,得把人帶走
我要怎麼做,不知道
你怎麼處理那輛車的,我把它沉了
後來發生了什麼事,我用我的預付費電話卡聯繫了羅拉跟她說我在哪
怎麼了,我的車壞了
一切都好嗎,撞到一頭鹿不過我沒事謝謝
你是做什麼的,我是開書店的
你還沒告訴我你的名字,拉奎爾
你的航班是幾點的,我正想打電話跟你說我趕不上了
你趕不上是出什麼事了嗎,沒有只是引擎出了問題
我愛你,我也愛你
你受傷了嗎你的手腕上有血,可能是鹿身上的
讓我看看會不會被感染,不用了我沒受傷
你要喝咖啡嗎,好的
進來吧,不了我就在這等
你還好嗎,我沒事謝謝
你真的什麼都不想吃嗎,不用了謝謝
你有孩子嗎,沒有沒有
留下吃晚飯嗎,已經很晚了我得走了抱歉
你在這裡有聽到電話鈴聲嗎,沒
奇怪他出門從不會不帶手機,他大概忘記帶了
菲利克斯你在哪,我剛下飛機在畢爾巴鄂的機場
他說了什麼,一切都在控制之中不要擔心
據報告來看你沒有停車票能證明那輛車在那停放過,我弄丟了我是放口袋裡的可能在我走路時掉了出來
你跟那起男孩失蹤案有關嗎,怎麼說
我還有一件事要你幫忙,什麼
你在哪給我打電話,電話亭
在有監視器的地方打電話很不明智啊,我知道我當時很緊張
那你什麼時候打的,我意識到她會不擇手段的時候
準備好出海遊玩了嗎,我剛接到個重要電話我要去跟李先生會面
這是什麼,那個男孩的錢包
你感覺怎麼樣,非常高興
有名記者堅持要見你他說他認識你,好的
你知道我是誰嗎,我只知道你不是伊凡·索托
她不是一個人肯定有人和她同行,你怎麼確定呢
先生請跟我們走,別碰我
這些會讓你想到什麼,讓我想到那家酒店的謎團
出於什麼目的呢,為了勒索我們
我預定了715號房,好的是叫阿德里安·多里亞嗎
你要我找什麼,細節
晚安,晚安
哪裡的聲響,715號房
有關控方證人,我們還不知道名字但我們知道是誰了
我們得快點想辦法,我想我完蛋了
你為什麼不說出真相,因為對於湯瑪斯·加里多不留蹤跡地消失一事我想聽聽你的說法
那為什麼要等我跟你說呢,為確保我能把我的人生委託到你手上
你把車沉哪了,我在這裡把車推下水的
四小時後在廢車場旁邊的咖啡店碰面,好的
你沒法證明不是,你也沒法證明是
你在幹嘛,我在報警
你瘋了嗎,沒有
如果蘿拉對他們坦白了一切他們為什麼不去報警,因為他們知道你為了逃避罪責絕不會說出他們兒子的屍體在哪
你的推測毫無根據,湯瑪斯有的是根據
那就向我承認你殺了蘿拉,我承認
你有咖啡嗎,有
我們很需要咖啡今晚將是漫漫長夜,好的
我們可以信任他嗎,絕對可以
我手機關機了有什麼事,我找到他了能說你當時不在那
控方的事怎麼樣了,沒事別擔心
絲隆小姐請描述妳的工作性質,依照律師建議根據美國憲法第五修正案賦予的權利恕我拒絕回答
妳願意發誓所說一切句句屬實不然就是觸犯偽證罪,我願意
請說出全名以便記錄,麥德琳伊莉莎白絲隆
妳在柯式企業工作性質是什麼,我拒絕回答
今天值得紀念妳知道為什麼嗎,因為我自由了
說件妳昨天不能做但今天能做的事,辭職
妳打算怎麼辦,叫印尼政府說他們要招待傑克參議員去他們的農園旅遊
如果是印尼政府出錢那就會犯法,若是透過非營利組織贊助就完全合法
預計會有多少人,500到1000人
意思是可能沒人到,至少會有500人其他要看天氣
你剛從女廁出來嗎,我不知道妳在講什麼
蛋糕和餅乾都有銷售稅嗎,不知道
大家聽好了我要說一個故事,拜託不要
你們之前沒見過面,我們去過數個相同聚會但一直不認識彼此
我們的現狀仍是需要吸引更多女性選票,明白了
妳痛恨政府管這瑣碎事,我不會把槍枝法視為瑣碎小事
我只為相信的事物工作所以我晚上睡得著覺,妳晚上根本不睡覺
是否感到昏眩,沒有
妳都幾點睡覺,不一定但我睡眠充足
妳到底有沒有睡覺,這陣子很忙
你剛打給我時打哪個號碼,市內電話
想佔用妳五分鐘時間,好走到我車要三分鐘說重點
妳認識他們的執行長嗎,沒聽過
現在是怎麼回事,妳支持希頓哈里斯要嚴控槍枝
妳的車在哪兒,現在應該到門口我不開車的
這可以嗎,可以
怎有人把巧克力蛋糕當早餐,馬芬而已啦
誰要跟我走？,我跟妳走
你有幾支T9手槍,足夠保護我的財產
我只有算到五個,妳的數學不行
誰說我要跟妳去,我說的
如果我想留下呢,拜託，現在不是耍幽默的時候
直接進入重點吧,好
什麼時候的事？,剛收到的消息
早安,早安
姓名和年資？,愛絲美瑪紐加瑞，九年
布雷迪在選戰上每花一塊錢，而槍枝支持方花多少嗎？,38塊錢
我們要怎麼贏？,得建立我們自己的支持者
什麼最能看出投票者意願？,就是錢
妳沒開車嗎？,我會開但我不開
妳的藉口是？,老實說我技術超爛
妳有認識的人是槍枝受害者？,沒有，為何大家都這樣想？
妳每晚都在這裡吃？,差不多，這裡從不打烊
妳怎麼不會厭倦？,這是生活必需啊
若妳公開會攸關我們輸贏呢？,如果對我一視同仁，我會很感激
還有誰知道？,羅道夫，沒人知道了
誰會去那個醫學會議？,華勒斯議員
醫生沒時間玩社交軟體合理嗎？,值班15小時後，很正常吧
你知道什麼是肺呼吸學嗎？,知道，就是肺的相關研究
肺並不對稱，右肺有三片肺葉，左邊兩片，你知道為什麼嗎？,心臟想要多一點空間？
可以跟我說溫蒂的來頭嗎？,當然可以
什麼意思？,意思就是該改用B計畫
他還可以帶來誰的票？,法西泰利和賈西亞
要去那間新餐廳嗎？,我們去紐約大學法學院
修正案的辯論會如何？,不要大聲張揚
為什麼不直接再活一次？,那不適合我
妳後悔過嗎？,完全沒有
妳該不會用取代鍵，在谷歌留下漏洞，讓他們認真調查就發現吧？,我的確用取代鍵
我要妳在農協晚宴上台說話,等等，這是大事
我不習慣面對聚光燈和媒體,那就趕快習慣，木已成舟了
我需要聊天主題,什麼意思？
妳還外包找人想應酬話題？,對啊，興趣、嗜好、小孩！
要討好一個父親的最好方式，就是說他的小孩有多可愛,了解
捐這麼大款項，為什麼要匿名？,理由很明顯
我們晚點說,在辦公室裡說嗎？
妳到底在想什麼？,你最好別打擾我工作
第二修正案就會賦予我們隨身攜帶棒球棍的權利？,不，那是你要對藍狗聯盟那群保守民主黨朋友說的
你看過我的支持率嗎？,他不會跟你競爭，他會跟你的兒子競爭
我就不能有社交生活嗎？,我不知道妳有社交生活
他表示支持時有錄影嗎？,當然
我們不去佛州,什麼？
大家請翻到第九頁,我的第九頁沒東西
早安,請坐
被跟蹤了嗎？,很明顯是的
你願意發誓說的一切句句屬實，不然就是犯下偽證罪嗎？,我願意
你們一共多少人？,6個，4個出外務了
史密特先生，有嗎？,是的，參議員，我們有
你對此的反應為何？,我說這讓人大開眼界、足智多謀
知道被抓到會變多慘嗎？,不會比失去班利來得慘
妳何時發現有內賊？,醫科募款晚宴後
妳怎麼知道是她？,我不知道
妳好啊，我是卡爾史奈德，從事銀行業,不好意思，你認錯人了
妳何時開始打這主意？,那晚的晚餐
妳還會這麼做嗎？,會吧
妳只用了三個月時間？,實際花的時間更少
我怎樣都想不透怎麼有人可以想到這步,老娘就是狠角色吧！
她又會是誰？,我從不透漏客戶的身份
我寧願有正常生活也不要這個專長,正常不一定好
為什麼？我做錯什麼？,沒有，只是我的狀態不太好
請離開,隨便妳
現在狀況如何？,還缺4張票！
妳覺得槍枝爭論現在主要變成女性議題了嗎？,你只需要看數據，美國女性在槍枝安全議題有決定性的力量
如果要跟我會面，為什麼只寄信？,因為不是真的想跟妳會面
妳在哪兒？,快餐店
希望能快發明食物藥丸,那大概要等一陣子
沒關係，我幫妳,謝謝
你拯救的那個人，曾積極推動持槍的禁令，你怎麼看？,我尊重，但反對他們的看法
妳有跟她聯絡嗎？,那是我的私事
妳對發生的事有內疚感嗎？,我為什麼要內疚？
叫他們撤掉,可能會更糟的
我目前弄錯了四個事實,這樣不妙
這些參議員突然變超忙，還真巧,我們都知道是怎麼回事
說重點，接近投票時情況會怎樣？,會很接近，但最新的預測結果是我們會少4至7票
喂？,不好意思，妳打錯了
為什麼沒人查她的檔案？,原本人很多，但大家都落跑了
妳們查到多久之前？,從最後一筆生意，到她背叛我們
那是什麼？,棉花糖蛋糕
我不能一邊支持又一邊要搞它,在不偏頗的原則下，當然可以
我要妳退出選戰,什麼？
你在胡說什麼？,有妳在，法案都被模糊焦點
史貝林有妳的把柄,我根本沒見過他，這是陷阱
我說對了嗎？,完全不對
妳的客戶曾捐款給這非營利組織嗎？,不知道，我不清楚他們的捐款名單
沒有干預？,妳當然沒有干預
妳看過那份表格嗎？,看過，是私人贊助證明表
妳認得那個筆跡嗎？,認得
是妳的嗎？,是的
妳計畫用竊聽的方法使班利參議員就範，對嗎？,我的確想過這種方法，但從沒有付諸實行
為什麼呢？,史密特先生明言禁止
在妳的遊說生涯中是否經常運用諜報手段？,我沒有
妳是否曾授權、命令或主導對任何人實行非法的監視行動？,答案是沒有
可否描述你的工作性質？,我有很多種工作
你目前的主要收入來源是什麼？,我在華盛頓做伴遊
你收費和女人睡覺？,我滿足客戶的任何需求
佛德先生，你見過絲隆小姐嗎？,見過
可以請你指出她嗎？,就坐在那兒
你們是什麼關係？,我和一個客戶參加聚會，我試著要自我介紹，但她不理我
你曾服務絲隆小姐嗎？,沒有，先生
我想討論我的未來,現在時機不太適合
這他媽的是什麼東西？,辭呈
為什麼這次願意見我？,他們說你要談工作的事
對了，你的氣色也不錯,謝謝
妳怎麼會自己填表？,那是讓他們上鉤的餌
新年快樂,新年快樂
老實說現在我只希望這種超能力能幫我找到個女朋友,這可不容易
可以幫我擦防曬霜嗎,當然
蒂姆可以幫我擦防曬霜嗎,可以等一會兒
別老給家里打電話你媽不喜歡老被人打擾,好的知道了
我是詹姆斯的兒子,誰啊
你好我叫瑪麗,我叫蒂姆其實我媽也叫瑪麗
有東西碰到我手肘了,放心不是我
說實話你們倆誰更漂亮,當然是我
你喜歡凱特·摩斯嗎,我愛死她了
你好,你好
要是我問你要號碼會不會太唐突了,不會
我的頭發呢是不是太棕了,我愛棕色
我劉海是新剪的,劉海很完美簡直是點睛之筆
我希望能再見到你,你會的
你也知道我的戲今晚上演,老天對啊怎樣了
你好,你好湯姆先生我是哈利的朋友
請問你臺詞記得怎樣了,抱歉什么叫臺詞記得怎樣
謝謝你來陪我小凱,反正也沒事做
吉米呢,又把我甩了
工作呢,炒我魷魚了
喝咖啡嗎,謝謝
我只注意到照片中的貓看到沒,看到了真不錯
我長得像你媽嗎,不像你比她漂亮多了
要牛奶嗎,要
男朋友呢,有了
我看上去不像有男朋友嗎,不像
你們什么時候認識的什么時間點,其實就是一周前
來來再說說你們美妙的初次見面,好吧
對喬開了一個小型派對,簡直是個煉獄幸好魯伯特救了我
這個糟糕的派對在哪兒呢,就在我的破公寓里
那是在哪兒呢重點就在這不是嗎,西南五區科菲爾德花園26號
你是什么時候到的是早是晚魯伯特,準時到吧真愛在召喚呢
你好我們認識嗎,不不我是瑪麗的朋友
我叫蒂姆,我叫瑪麗
我們聊聊凱特·摩斯吧,我很喜歡凱特·摩斯
你是做什么的,我在出版社看書
不是吧你看書也能賺錢,沒錯我的工作就是看書
你是做什么的,我是個律師
陪我走到車那兒去好嗎,好啊好的
下次肯定會更好,我覺得已經很好了
你等我一下好嗎,好的
你還真懂內衣啊,希望如此
真不錯有些人第一次搞得一團糟,菜鳥吧
等我一下好嗎,當然
我有個壞消息,你要死了嗎
什么時候,現在
他們知道我這個人嗎,知道我稍微提過
對了他們比較保守還是換條褲子吧,好的
我要說我住這兒嗎,絕對不行
那能說我們做愛嗎,可以但別說口交
你為什么覺得會說到這個,不知道如果說到了就一口否認
好準備好了嗎,好了
蒂姆說說你是哪里人哪個地方的,他是康沃爾的那兒很漂亮
你是個律師對嗎,是的沒錯他從沒輸過
我拿到兩張國家劇院的票明天的一起去嗎,不去了我要睡一整天
天哪是夏洛特,誰
誰,我的初戀
在哪,那邊出口標志下面
那個老女人嗎,不不是那個老女人那個金發美女
夏洛特,天哪蒂姆見到你真好
我看見三年前那個夏天讓我心碎的女孩了,去打個招呼吧
去打個招呼吧,不還是別找麻煩了走吧
蒂姆見到你真好,真是個驚喜啊
幫我跟奇巧帶個好她好嗎,她還行其實她在倫敦也過得不容易
是啊吉米說他有時候會見她,是嗎從什么時候開始的
你想去哪,你喜歡的就行
醒醒來聊聊天,干什么
我有件很重要的事要問你,不能等明早嗎
不能等明早嗎,不行
喝茶嗎,非常愿意
你有什么缺點就是小弱點,我非常沒安全感
覺得她如何,比起你我已經更喜歡她了
我不知道你在,我剛下來
經過一點點考慮我們決定要結婚,真是個好消息
你要跟誰結婚,跟瑪麗那個
你決定一件事我就脫一件衣服,好的我了解了年輕的女士
你想在哪辦婚禮,家我討厭別的地方
應該找哪位神父,得是有一口黃牙和一堆連心眉的當地人
蜜月呢,去蘇格蘭住小旅館
話說奇巧去哪了,不知道她說3點左右過來
我妹妹呢,我還以為她在這里
怎么了,我們吵架了
小嬰兒住在這里嗎,在她可興奮了就在樓下
我必須去接奇巧,我以為她會自己開過來呢
她沒事吧,再說吧
我很擔心奇巧,我知道
我不能回到出生以前的時間了是不是,不行我應該跟你說的
考慮一下約他吃晚飯你有時間嗎,可能吧也許得先梳妝打扮一下
咱再生一個吧,去死吧不要
好啦這件怎么樣,很漂亮任務完成很好
不行認真點挑這個,我不確定不行我不喜歡
好吧那這件呢,美極了就是它了
波絲哪去了,我讓她呆在樓下呢
我放手稿那屋的門關了吧,貌似沒有
我們以前是不是有過這個對話了,是的
然后發生了什么,我很難過我擁抱了你
您今天是在這兒吃還是帶走,帶走吧謝謝
他跟你說了什麼了？,他只是要讓我看吉他
你要去哪？,我以為妳說完了
萬一我不是做鞋子的料呢？,米高，有全家人在這兒引導你
歡迎回來，有什麼要申報嗎？,吉拿棒，我家人供奉的
有什麼要申報嗎？,老…老實說，有的
這是誰的靈獸啊？,牠只是丹丹
可是丹丹又沒有毛,我也沒有鼻子，還是會過敏
要解除家族的詛咒就得得到家人的祝福,就這樣？
你喜歡德拉古司？,他跟我是老交情
你…你在做什麼？,我在學骷髏走路，免得穿幫
不，我們才不那樣走路,你就是那樣走啊
我會讓你見到他,怎麼做？
真…真正的德拉古司在哪？,德拉古司從不參加彩排
我要消失了，海特,我感覺得到
你想要它，就得靠你的實力,爭不過你啊
你要點歌嗎？,你…你知道我的最愛，海特
等等，怎麼回事？,他被遺忘了
那他去哪了？,沒人知道
你…你要演奏什麼？,當然是「勿忘我」啦
你表演以前都這麼緊張嗎？,不曉得，我從來沒有表演過
什麼？你不是說你是音樂人,我…我是啊
嘿，你要去哪裡呀？,我們得離開這裡
妳摧毀我的人生,什麼？
你的表演真精彩喔,你們也是
你…你知道我？,所有的人都在談論你呢
這…這是哪裡來的？,那是我的可可太婆
妳在那裡工作嗎？,不，我是學生
我不是要侵犯妳隱私但我發現我們的RPP區一樣,是嗎？
你的觀察力真驚人,對
RPP區是什麼？,住戶停車認證區
妳把誓詞寫在菜單上嗎？,對，怎麼了？
你們願意成為夫妻嗎？,我願意
妳感覺如何？,我的頭好痛
佩吉，妳知道我是誰吧？,知道，你是我的醫生
你在做什麼？,睡覺
我帶了妳的衣服,謝謝
我的頭髮很奇怪,那只是妳個人的看法
為什麼你是我先生卻沒見過我家人？,妳跟他們好幾年沒說話了
我為什麼會不跟家人說話？,那是在我們交往以前發生的
我們從來沒談過這件事？,有
我聽說妳終於要出院了,對，我被通知出院了
我看起來好像怪咖,我覺得妳很美
我們住哪裡？,在北區
現在總統是誰？,歐巴馬
能拜託你出去嗎？,佩吉，我很抱歉
這是衣櫥裡我唯一穿起來舒服的,那其實是我的
你上班嗎？有工作嗎？,有，如果還沒倒的話我有一間錄音室
我的日常生活呢？我每天都在做什麼？,妳起床後會泡咖啡
我不是故意不來的,我知道，我沒生氣
她還好嗎？,恢復中
你三點半會準時到？,你三點半會準時到？
天啊，妳訂婚了！,對呀
你們倆好配,謝謝妳，佩吉
李歐，你在哪裡上班？,我剛在市中心開了一間錄音室
那不是黛安錢尼嗎？,對，我們已經不一起玩了
我有把戒指還你嗎？,有
妳在拼貼嗎？,我會拼貼嗎？
我翻了一下你的東西希望你不介意,不會，我的東西就是妳的
我想我準備好去看工作室了你能帶我去嗎？,當然
佩吉，妳想恢復記憶嗎？,想
媽，妳聽電臺司令的歌嗎？,當然，怎麼不聽？
妳的頭髮看起來不一樣了妳很美,謝謝
妳最愛看什麼書？,是詹姆士派特森的《沙灘小屋》
妳不喜歡嗎？,不喜歡
謝謝妳今晚跟我去約會,我玩得很開心
妳跟傑瑞米出去了嗎？,不是
對她來說還是對你？,對我們兩個都是
佩吉？,什麼事？
你真是個偽善者,你說什麼？
這不公平,不公平嗎？
你沒事吧？,結束了完了，我放棄
妳知道我現在被背叛的感覺有多深嗎？,很抱歉，佩吉
我能問你一個問題嗎？,可以妳想問我什麼就隨時問
你知道我爸的外遇嗎？,我知道
我不能再失去他們了,那就別失去
我跟蘿絲分手了我提的分手，佩吉,不，你為什麼要這樣做？
我以為你們要訂婚了…,本來是，但那是在妳以前
其實我有話要告訴妳,好
我以為你們要訂婚了…,本來是，但那是在妳以前
妳確定妳不記得跟我分手的那時候？,怎麼了？
但願妳不是為了喝熱可可才進城裡來的,其實，我六個月前就搬回來了
我回去念藝術學院了,真的？沒騙我？
宋妮亞跟我變成了朋友我問了她關於我們的事,真的？她都說了什麼？
真的？她都說了什麼？,她說你現在應該沒有女朋友
我們要不要試試看以前沒去過的地方？,新的餐廳？
新的餐廳？,當然
我的全部身家都在那包裡了,放心吧!我去拿!
我是莎文娜,約翰
你在當兵還是,對啊
什麼兵種,陸軍特種兵
爸爸呢,在那邊
我的朋友約翰這是艾倫,"艾倫,很高興認識你"
你好我是提姆,我是約翰
聽說你是特種兵,是的
駐紮在布拉格堡嗎,"不,在德國"
這麼說馬上要走了嗎,是的
旅途愉快,"謝謝,我會的"
抱歉打擾你們了很高興認識你,也很高興認識你過來兒子
嗨你好約翰,你好艾倫
你什麼時候回去,兩周後
你的工作一定很驚險吧,其實更多的是無聊大多數時間都待著只是偶爾的突襲確實很驚險
你有沒有發現月亮在升起的過程中特別大但升到天空中後卻又變小了,那是眼睛的錯覺
你是怎麼知道的,不記得了
哇你能自己生火啊,好厲害
但你這樣也烤不熟那個熱狗我覺得啦,我覺得這樣很好
我真的很想也許我們可以一起出去吃就讓別人煮的那種,好啊真的嗎?
那我大概六點來可以嗎,嗯好好的
那麼明天見咯?,嗯明天見
我們要去市區吃冰淇淋送你一程吧?,沒關係不用了我自己走就行
亞倫坐過去點兒我們出發咯,"好了,安全帶綁好了"
你來這鎮上多久了,我們住這整整一年了
爸爸我晚上不在家吃飯了,我做了焗麵
在這兒你能吃到最好的海鮮,我知道我以前經常來
你確定不去好一點兒的地方嗎,好一點兒?這兒就挺好的嘛
你爸爸有沒有因為你回家太晚發飆,沒有他不是那種會發飆的人
那他是哪種人,安靜規律的
那你媽媽呢,沒有我家只有我和我爸爸
你怎麼這麼多問題關心我父親,好奇嘛我想知道你是什麼樣的人
我想見見你爸爸,就今晚
你開始讓我有點緊張了,為什麼這樣說呢
不過說實話你不抽煙嗎?,不
也不喝酒,不
沒聽你講過,那是因為我只在心裡抱怨
好那說一個聽聽,不行不能說這太齷齪了
你以前一定很凶悍,我是說你現在還是有點
你沒有嚇到我約翰,哦你可嚇著我了
你和莎文娜怎麼了,別煩我好嗎
等等你們怎麼啦,注意點把手拿開
你現在穩定下來了嗎,還沒有
和其他人約會了嗎,"沒有,我很少有假期"
我想你一定想揍我一頓,我不會的
這一切都是我的計畫,你計畫過嗎
情況怎樣？,母親嚎啕大哭，舅舅氣急敗壞
她沒結婚？,離婚，有四個小孩
神父呢？,他留在休息室
有媒體嗎？,公民報記者，但我們打發他走了
那是誰？,助理檢察官
蛋糕好吃嗎？,挺不賴
你不吃？,不，這給麥克
你看了華盛頓傳來的數據？,對，很有趣
你認為卡希爾知道內情？,也許，但這報導恐怕不適合我們
什麼不適合焦點小組？,警局數據
卡希爾問出話了？,還沒，但我會
樓上怎樣？,還好
聽說魯賓和康納要去時報,真的假的？
拜倫有待過波士頓嗎？,我想他從沒來過，也許該買個地圖送他
新老闆是來裁員的？,我不知道
你是波士頓出身？,對，在這裡出生和長大
你們賣給時報後感覺有改變嗎？,沒有，我想衝擊不大
你是焦點小組的主編？,我寧願自稱是選手教練，但沒錯
你熟悉焦點嗎？,不，不盡然
你們正在調查什麼？,我們剛揭發一家惡質建商
通常需要花多久？,很難說，幾個月
那你預期有更多裁員？,大可這樣假設
你需要多少時間？,再1週
你要去哪裡？,10點半會議
跟拜倫談得還好嗎？,我摸不透他
你要怎麼弄到文件？,我不懂當地法律，但在佛羅里達州能起訴
你要控告教會？,嚴格說來不算控告教會，我們是聲請調閱文件
情況怎樣？,拜倫想聲請調閱吉根案的文件
你們覺得控告會有機會？,取決於法官還有他屬於什麼教區
我跟你提到的波士頓警局報導，那個能先擱置嗎？,也行
妳能聯繫他嗎？,我只採訪過他一次，他算是怪咖
所以我們放棄波士頓警局案了？,不，是暫時擱置
奶奶，妳哪時要離開？,9點有巴士在教堂停車場接我們
多米尼克神父會去嗎？,不，他說他沒偏財運
有什麼事嗎？,我想挑戰吉根案的保護令
你想控告天主教會？,我們正在提出聲請，但算吧
我來找米契加拉貝迪恩,他在講電話，請坐
比爾，那些文件到底在哪？,我叫你放在我桌上
妳不打高爾夫球吧？,不打
幸會,幸會
你熟悉吉根案嗎？,當然，80個原告，全是個案
難道你認為他在虛張聲勢？,我認為他在譁眾取寵
你是誰？,我是波士頓環球報的麥克瑞茲德
你沒有錄音吧？,沒有，我要錄會先問
我不能給你看教會文件,我知道
你認為貴報有資源對抗教會？,對，我認為
你們要做教會的報導？,不，我們不做教會的報導
你有找到菲爾薩維亞諾的資料嗎？,沒有，他是誰？
妳還要多久能看完剪報？,幾天吧，有一堆
有人想要食物嗎？,我不餓
你們還查到什麼？,夏莎找到一個受害者組織的人
羅比說麥雷許認為他在虛張聲勢,我認為不只如此，班
新主編表現怎樣？,他不喜歡棒球，但他似乎是聰明人
私底下說？,私底下我也不能說
你今天為什麼來公司？,檢查薩維亞諾的剪報
所以不理他們？,我們這次要開始不理任何人
我讀哈佛時會跟尼曼學人一起聽課，我讀到你曾當過主編,對，那是陳年往事了
我們的讀者群不太高興，他們把我看作愛管閒事的局外人,我能想像
你幹嘛老是重複我的話？,我只是想釐清事實
我緊張時會狂吃,其實我也是
收到請回答,收到
確認地點,六五快速道路北上兩公里處
你確定嗎,確定啊
一起吃消夜,我下班有約了，先這樣
我下班有約了，先這樣,喂，等一下啦
換一台新的吧,拜託才剛換耶，開不到一個月
拜託才剛換耶，開不到一個月,怎麼可能
怎麼可能,真的，你看
你這樣說話好像警察局是為你而開的,別這麼說啦，我們這個算是警民合作最佳典範
每次都要給我添麻煩,不是嘛，我怎麼知道會遇到這種事情
要不要查一下,這個不是一般常識嗎
這個不是一般常識嗎,還是查一下
乾杯，一起來,喝喔喝喔
給大家介紹一下，這是我們社會線的新召集人小齊,哇，謝謝大哥
小三本人身材好嗎,還可以啦
沈組長還沒結婚啊,不會吧，長得這麼漂亮會沒有對象
考慮一下小齊嘛，不錯的耶,噓，不要亂說話
又跟男朋友吵架啦,是不是在一起久了，感情就會變淡
是不是在一起久了，感情就會變淡,就跟你說和他分一分嘛
是不是在一起久了，感情就會變淡,每次看你這個樣子我都覺得很難受，你明明就這麼好的
是不是在一起久了，感情就會變淡,你明明就這麼好的，你適合更好的，真的
嫂子跟小吉都還好嗎,好啊，不過有小孩之後生活壓力大
好啊，不過有小孩之後生活壓力大,我壓力也很大耶，我現在變無業遊民
要我送你回去嗎,好啦，回去
請問一下，徐愛婷有在嗎,阿婷沒有住在這啦
阿婷沒有住在這啦,那她現在住在哪裏啊
那她現在住在哪裏啊,你們是找她要幹嘛
你們是找她要幹嘛,我們是她同學，要開同學會所以過來找她
借問一下，這相片是徐愛婷嗎,你剛不是說你們是她同學，你怎麼不認得
你剛不是說你們是她同學，你怎麼不認得,國小畢業之後就沒看過她了，不知道她現在變這個樣子
這個茶有什麼好可疑的地方嗎,我老家種茶的，我對茶很熟，像這種比賽茶一斤要七千多塊
老闆,是要找什麼茶嗎
是要找什麼茶嗎,老闆你好，我找膨風茶
老闆你好，我找膨風茶,金芯的，五色的那種
跟你打聽一下，這位小姐有來你們這買過茶嗎,好像沒什麼印象
跟你打聽一下，這位小姐有來你們這買過茶嗎,這不就是張老師
那個張老師全名叫什麼,張老師喔，好像叫做張惠雯
年紀大概多大,差不多三十多歲
那她在這附近住多久了,住在這裏多久喔，也沒有很深的印象
你有看到肇事者嗎,沒有，我醒來的時候就已經在醫院了
這麼多年以前的事情，你們現在問要幹嘛,我只是想幫你查出真相，然後抓到那個肇事者
我只是想幫你查出真相，然後抓到那個肇事者,我沒有要知道真相，知道又怎樣
我可以留你的聯絡方式嗎,你們不要再來煩我
哈羅,你好
不好意思這麼晚打給你,怎麼了嗎
怎麼了嗎,我是想拜託你不要跟任何人提到今天跟我見面的事
你知道張老師住哪嗎,張老師喔，不知道耶，我看她都是走路來買茶
她是不是住這附近,她好像有房子在租人，還是你要去她出租房子的地方看看
還是你要去她出租房子的地方看看,好啊，你有地址嗎
我是張老師的朋友，請問你知道她住在哪裏嗎,你說房東喔
你說房東喔,對
對,她住最後一間啊
可不可以拜託你幫我查個資料,沒辦法
沒辦法,拜託這真的很急
拜託這真的很急,真的沒辦法，王組長不在我沒辦法
來同學,老師好
叫什麼名字,老師叫我小齊就好了，我研究所有修過你的課
你現在有空來找我嗎，我有事情要跟你說,怎麼了
怎麼了,電話裏不方便講，是關於九年前的事
你現在方便來找我嗎,好，我馬上過去
我記得你以前是開黑色賓士，怎麼後來沒開,早換車啦
可不可以拜託你幫我查個資料,沒辦法
沒辦法,拜託這真的很急
拜託這真的很急,真的沒辦法
王先生你要不要留在車上,沒關係我跟你們一起找
不好意思請問一下,什麼事
什麼事,你有沒有看過這個女孩子
你有沒有看過這個女孩子,沒有看過耶
你住在這裏,對啊
你怎麼跑來這,我找人
你一個人住啊,對啊
找什麼人,這女生，你有看過嗎
這女生，你有看過嗎,沒有
阿姨早,早安
你有沒有幫我餵阿,每天都有幫你餵啊
對不起,對不起誰
對不起,你也知道，你對不起我
你來啦,怎麼喝成這樣
怎麼喝成這樣,等你啊，我就先喝了
等你啊，我就先喝了,我開車不喝，我可以載你，你喝多了
離職提了沒,我沒有要離職啊
我沒有要離職啊,所以你是不想跟我到部裏去了是嗎
所以你是不想跟我到部裏去了是嗎,我去部裏幹嘛
我去部裏幹嘛，反正你都要把我跟小齊送作堆了，我在這邊跟他培養感情,那你們是查案查到有感情了是不是
那你們是查案查到有感情了是不是,那天晚上，訊息上說的都是真的
那天晚上，訊息上說的都是真的,你們真的上床了
你們真的上床了,我跟他上床，關你什麼事
二零零七年八月三十號，你還記得是什麼日子嗎,什麼日子啊
什麼日子啊,阿吉很開心的日子，那天阿吉剛跟他女朋友求婚，他女朋友還是你介紹的
剛調來內勤還可以嗎,很好
很好,加油啊，有什麼事要跟我講喔
加油啊，有什麼事要跟我講喔,嗯，謝謝老師
老師，開慢一點,沒事，可以的
沒事，可以的,你真的可以嗎
你真的可以嗎,我有很不行嗎
我有很不行嗎,你小心一點啦老師
你車怎麼撞成這樣,我酒駕撞人了，你要幫我
我酒駕撞人了，你要幫我,不行啦，你這樣拖我下水
我求求你，你一定要幫我,邱哥你別這樣
王主任，恭喜,嗨，德哥
邱哥交辦的事情都處理好了,確定會是正當防衛
確定會是正當防衛,瞭解，謝謝德哥
確定後續不會有任何問題吧,我拜託的事就再麻煩你們羅
你也來這裏啊,對呀，帶新人來拜拜碼頭
你好,怎麼樣，最近過得好嗎
怎麼樣，最近過得好嗎,還好啊，邱哥把我安排到電視台工作，薪水應該比公關室主任高
弄丟東西了嗎,那不是我們的，我們的在那邊
你再靠近我就要跳了,要不是你跳下去有可能傷到下面的人，我就讓你跳了
你是個殺人犯,你什麼時候知道是我的
我們得走了,我哪都不去
我哪都不去,沒跟你說話
引爆裝置是一只對講機,這意味著炸彈客可能就在附近看著
這意味著炸彈客可能就在附近看著,對于病態渴望毀滅的人而言，想看看自己的成果，并不罕見
我們一會兒回來,怎麼了
這是警方事務，你必須留下,什麼情況
什麼情況,有個男人形跡可疑，我跟著他，他逃了
有個男人形跡可疑，我跟著他，他逃了,他打你了嗎
他打你了嗎,沒有，我是被車撞了，所以才讓他逃了
沒有，我是被車撞了，所以才讓他逃了,這是那輛車嗎？
這是那輛車嗎？,不是，這輛車之前就在這
你真覺得你追的那個人就是炸彈客,我覺得他逼我非得追他就很可疑了
你們是警察，解決這件事,好吧
如果這不是你追的那個人，也不是開車撞了你的那個人，你為什么要把他留在這,因為我追的那個人用手扶了那里，如果他是本森赫炸彈客，我們就能得到他的指紋
你現在成了側寫師了嗎,側寫師必須依靠別人的記憶，我用的是自己的
你成為偵探也快五年了,你會送我一個蛋糕嗎
你會送我一個蛋糕嗎,它還能滿足你嗎
它還能滿足你嗎,蛋糕嗎
蛋糕嗎,我們選擇的職業
我們選擇的職業,你為什麼這樣問我
你為什麼這樣問我,你當偵探已經四年九個月零十六天了
你當偵探已經四年九個月零十六天了,所以呢
所以呢,你之前當康戒陪護當了四年十一個月零二十三天
你之前當康戒陪護當了四年十一個月零二十三天,我要再問你一遍，所以呢
我要再問你一遍，所以呢,是因為有了更好的職業，問問你的跳槽癮是否過去了
是因為有了更好的職業，問問你的跳槽癮是否過去了,其實你說得對，我還沒當過建筑工人
其實你說得對，我還沒當過建筑工人,你以為我沒聽懂你在諷刺我是鄉下人，但我聽懂了
我們感興趣的是今天早上，8:15發生的法拉盛的炸彈爆炸事件，你在哪裡,我那時在家工作，直到午餐后才離開
我那時在家工作，直到午餐后才離開,這可不算很好的不在場證明
這可不算很好的不在場證明,我不需要不在場證明我沒做什么錯事
你必須承認，那有點奇怪,不，我不承認，因為我什麼都沒做
你記得我嗎,我怎麼可能忘
我怎麼可能忘,見到你真好，醫生
見到你真好，醫生,你現在直接叫我喬恩吧，我放棄醫生的職位有一陣子了
我現在和警察一起工作,醫學案件嗎
醫學案件嗎,各種都做，說來話就長了
各種都做，說來話就長了,我猜也是
聽著，我想問你一個人，內森·里索,我記得他
我記得他,你們熟嗎
你們熟嗎,怎麼了
怎麼了,今早法拉盛一個公園發生了爆炸，他是嫌疑人
今早法拉盛一個公園發生了爆炸，他是嫌疑人,等等，所以你認為他是炸彈客
等等，所以你認為他是炸彈客,你們倆有多熟
你們倆有多熟,不太熟
不太熟,所以你們不算朋友
所以你們不算朋友，他從沒說過關于本森赫炸彈客的任何事嗎,沒對我說過
沒對我說過,好吧
話說，你已經出來幾周了，還好嗎,我住在臨租房，給人倒吐痰桶為生
這些垃圾桶昨天是空的嗎,現在不是了
現在不是了,我連垃圾都不能倒了嗎
我連垃圾都不能倒了嗎,正相反，我鼓勵您倒，垃圾桶里總是能讓人找到驚喜
我回來是因為我仍然認為你就是炸彈客,你什麼都沒找到，你還想要什麼
一棟你名下半完工的公寓住宅，被燒得精光,我十個月的辛勞付之一炬
我十個月的辛勞付之一炬,于是你獲得了220萬美元的賠償金
于是你獲得了220萬美元的賠償金,那場火是個意外
那場火是個意外,真是個相當賺錢，相當湊巧的意外啊
真是個相當賺錢，相當湊巧的意外啊,好吧，就當你說對了，我燒了那棟樓，這跟引爆炸彈又有什么關系
好吧，就當你說對了，我燒了那棟樓，這跟引爆炸彈又有什么關系,也許你喜歡那種感覺，你毀滅的欲望
也許你喜歡那種感覺，你毀滅的欲望,你瘋了
我沒放那火，也沒有造過炸彈,在網路上能夠輕松找到解決困難的方法
在網路上能夠輕松找到解決困難的方法,行，你想要繼續跟我浪費你的時間
行，你想要繼續跟我浪費你的時間，請便,我們會的
我們能不能認為你知道本森赫炸彈客的事,當然，怎麼了
當然，怎麼了,案子上有了一些新的進展，目前，內森是我們最大的嫌疑人
案子上有了一些新的進展，目前，內森是我們最大的嫌疑人,你在開玩笑吧
你在開玩笑吧,你說他不一樣了
你說他不一樣了,他是不一樣，但不至於搞爆炸什麼的
他是不一樣，但不至於搞爆炸什麼的,你知道他昨天早上八點十五分在哪里嗎
你知道他昨天早上八點十五分在哪里嗎,當然不知道，我們分居了
我想跟你談談內特里索的事，他也是從大草甸監獄出來的,他現在出獄了，跟我一樣，但我們在里面的時候，他被分到了內特的牢區
要是你有時間，我很想跟你聊聊,當然可以，有什麼特別的事嗎
當然可以，有什麼特別的事嗎,你怎麼轉變的，從醫生到這個，肯定不容易吧
你怎麼轉變的，從醫生到這個，肯定不容易吧,是不容易
是不容易,你現在看起來很好，我也在嘗試改變
你們想知道內特的事，他做了什么壞事嗎,你們在大草甸監獄有過交集
你因為襲擊他人被判入獄的時間，跟他因過失殺人進去的時間差不多,所以呢
所以呢,你們是獄友中的好伙伴，對吧
你們是獄友中的好伙伴，對吧,我們是朋友，如果你問的是這個
我們是朋友，如果你問的是這個,你們還是朋友，對吧
你們認為內特是本森赫炸彈客,因為他昨天從爆炸現場逃走了，所以他是我們首要懷疑對象
我沒什麼好說的,這並不代表你不知道
沒有一條可用證據能證明他跟爆炸有關,沒錯，他在第二次爆炸現場逃走了
沒錯，他在第二次爆炸現場逃走了,但一個有前科的人看到跟警方合作的人會跑，這其中的理由我能列出一打來
開個鎖要花兩分半鐘，你技藝生疏了,事實上，菲爾德先生裝了一個商用級的雙筒鈦門栓，兩分半鐘已經是最好記錄了
房子很簡樸，門鎖倒很先進,看起來進一步證明了，他是一個有秘密的人
昨天你說我看起來心情不好，為什麼這麼說,倒不是因為你說了什麼，我們同住一個屋檐下將近五年，我能感覺到
抱歉讓你久等了,我已經在這待了有倆小時了
我跟你們說了我沒有跟內森合謀,我們知道你是在為他工作
我炸東西是因為我必須如此，因為我有病,你想騙我們，因為你覺得你的家人還能等著享受你的分成
你好啊醫生,你怎麼來了
你怎麼來了,我只是在想你那天問我的事
你只要答應保證公共區域乾凈，幫住戶簡單修修東西就行,房東知道我有犯罪記錄吧
房東知道我有犯罪記錄吧,是的，他知道，他和我妹妹是朋友，她替你擔保了
是的，他知道，他和我妹妹是朋友，她替你擔保了,我認識你
我認識你,就這麼簡單嗎
就這麼簡單嗎,有時候就這麼簡單
你不會殺我,你為什麼這麼想，福爾摩斯
你為什麼這麼想，福爾摩斯,你不是會到處胡鬧的人
你的朋友嗎,這三個是我的手下
走私犯嗎,他幫我帶東西進入美國，那些我生意需要的東西
那是誰幹的,五個或者更多的襲擊者，可能有軍隊背景
你要多久才能給我兇手的名字,我不知道，不過更重要的是，我也還沒打算告訴你
我不知道，不過更重要的是，我也還沒打算告訴你,我還以為你很聰明，福爾摩斯，這工作可不是你能拒絕的
每天一千塊怎麼樣,我不想要你的錢，我希望你用消息來跟我換
我不想要你的錢，我希望你用消息來跟我換,你想要什麼
你想要什麼,跟你一樣，一個名字
有人在賣添加了芬太奴的海洛因，你想知道是誰在賣,你答應為一個毒販工作，為了交換另一個毒販的名字嗎
你答應為一個毒販工作，為了交換另一個毒販的名字嗎,是的
那個是實時監控嗎,對本地一家直升機服務商欠我一些人情
你昨晚跟辛維爾的會面如何,挺好的，他準備租下公寓，中午他會跟我見面
你想告訴我，我們為什麼要看一堆船嗎,昨晚，我在灰塵中看到一個鞋印
昨晚，我在灰塵中看到一個鞋印,韓國的嗎
韓國的嗎,是朝鮮的，這很重要
我都承認，但都是我自己幹的，跟別人無關,那雷托雷斯的謀殺呢，那也是你自己幹的嗎
那雷托雷斯的謀殺呢，那也是你自己幹的嗎,對，只有我，我開槍打死了他
對，只有我，我開槍打死了他,我們的顧問說至少有五個襲擊者，所以是誰幫了你
你用的是哪種槍,一把70型手槍，我把它扔到海里了
一把70型手槍，我把它扔到海里了,口徑不對
我不能供出我的雇主，他們會傷害我的家人,我們只想要真相，船長
他們撬開了我的保險箱拿走了里面的東西,什麼東西
什麼東西,一個盒子，一個鎖住的鐵盒子，是國內一個非常重要的人給的
一個盒子，一個鎖住的鐵盒子，是國內一個非常重要的人給的,政黨官員嗎
政黨官員嗎,他不肯告訴我盒子里裝的什麼
怎麼了,這是派克船長的手機，他讓他的手下跟蹤雷·托雷斯快有一周了
我覺得是藏嬌的金屋，一個給情婦住的家,托雷斯還沒結婚，有什麼好藏的
托雷斯還沒結婚，有什麼好藏的,對你來說，答案要稍后揭曉了
有什麼事嗎,你是雲靜怡嗎
你是雲靜怡嗎,沒人叫我中文名字，我媽都不這麼叫
喬恩·華生醫生，我們能談談嗎,有什麼麻煩嗎
我有什么能幫你的,我的合伙人和我想要跟您做筆交易
我們注意到您的同伴，福爾摩斯先生正在尋找某個東西,這個東西是個鐵盒子嗎
你覺得他是因為這個原因，才對這個地方那么保密的嗎,他是不是不希望他在馬拉三角幫的合伙人知道他的性取向
他是不是不希望他在馬拉三角幫的合伙人知道他的性取向,他們發現了嗎
他們發現了嗎,所以他才死了嗎
所以他才死了嗎,是那些恐同的瘋子們殺了雷嗎
是那些恐同的瘋子們殺了雷嗎,我們不認為是這么回事
你知道關于一個鐵盒子的事嗎,那東西可能在最近一周左右在雷的手上
你知道里邊是什么嗎,他曾把它放在那邊的桌子上
這個綠石頭，它有沒有一個方形底座，邊長大概十到十二厘米,聽起來應該差不多
假設雷拿到的是真貨,他說的對，那綠石頭確實值大錢
他說的對，那綠石頭確實值大錢,事實上中國帝王曾想用十五座城換它
很有可能雷偷走了一個人類歷史上最珍貴的失蹤物件,這么看的話，五千萬買皇帝的玉璽似乎出價有點低
如果在托雷斯盒子里的是真的玉璽,那我同意，但是已經有上千年沒人見過那東西了
那我同意，但是已經有上千年沒人見過那東西了,有人覺得是真的，不然他們不會提出八位數的傭金
他們自報家門了嗎,沒有，但從他們的口音來判斷應該是臺灣人
沒有，但從他們的口音來判斷應該是臺灣人,那個仍然自稱為中華民國的國家嗎
如果臺灣人得到了玉璽，他們可能是想宣傳大規模的政變,我們應該接受他們的開價嗎
我們應該接受他們的開價嗎,馬拉三角幫顯然不知道，玉璽已經從雷的倉庫里被偷走了
誰找到歸誰嗎,如果你愿意我們可以把錢捐給慈善會
如果你愿意我們可以把錢捐給慈善會,那樣也好
如果把玉璽交給臺灣人會增加臺灣與大陸的緊張氣氛,我可不想引起中國的第二次國內戰爭
我可不想引起中國的第二次國內戰爭,臺灣人是怎么知道玉璽的
臺灣人是怎么知道玉璽的,你都沒跟他們說過
你都沒跟他們說過,我估計他們也是雷的潛在買家也在調查他的死因
殺死他的人已經拿到玉璽了,可能是其他買家，對吧
可能是其他買家，對吧,只有買家才知道托雷斯有玉璽
他跟潛在買家們在他出租的，一處房產里當面見過,如果我們能找出是哪一處，我們也許就能找到目擊者
我打算說服老板把送餐地址給我,怎么說服
每個人都有一個價碼,我們已經知道了，你的價碼是五千萬
我們已經知道了，你的價碼是五千萬,希望BVP餐飲的價碼會低一點
