弘 樹 ， 你 在 做 什麼,諾亞方舟 ， 出航
幹嘛 搞 得 這麼 誇張,聽說 在 舉行 這場 發佈會 之前 就 已有 商業間諜 在 暗地 裡 展開 各種 活動 了
那 是 什麼 東西 啊,那 就是 「 繭 」 啊
爸爸 ， 警局 的 高層 好像 也 來 了 ， 不要 喝 得 太 多 啦,知道 啦
這 裡 應該 是 隨便 吃 的 吧,大概 是 吧
不是 告訴 過 你 要 用 小孩子 的 口氣 說話 嗎,這樣 可以 吧
怎樣 ， 這樣 可以 吧,好 可怕
難道 園子 也 被 選 上 了 嗎,因 為 鈴木 財團 也 出資 贊助 了 遊戲 開發
再說 ， 你們 真的 有 被 邀請 嗎,太 失禮 了 吧
你們 知道 嗎 ， 人 在 出生 的 時候 就 已經 決定 他 的 一生 了,是 啊 是 啊
沉睡 的 小五郎 是 睡 著 時 讓 老婆 逃掉 了 才 會 有 這個 綽號 的 吧,才 不是 在 睡覺 的 時候 呢
你 是 誰 啊 ， 大叔,我 是 「 繭 」 的 研發 負責人 ， 堅 村
你們 的 父母 沒有 教 你們 什麼 叫作 公共道德 嗎,了不起 死 了 ， 不 借 你 錢 了
大叔 ， 你 是不是 不 認識 我們 ？ 如果 和 我們 作對,明天 就要 被 炒魷魚 了 哦
那麼 ， 在 這 之前 ， 讓 我 先 把 你們 從 這 裡 趕出去 吧,走 吧
你 這個 月 去 哪兒 了,幫 爸爸 做事 去 了
媽媽 呢,她 說好 久 沒 回 日本 了 ， 所以 去 參加 同窗 聚會 了
一定 是 他 很 努力 想 出來 的,就讓 他 說說看 吧
為 什麼 啊,因 為 「 繭 」 的 樣子 很 像 搖籃
不 對 ， 我 覺得 是 一 ， 表彰,那個 也 不 對
看來 他 還 真的 是 很 喜歡 這 東西,在 此類 銅像 中 有 如此 充滿 鬥志 的 姿態 真是 罕見
大概 跟 他 自己 很 像 吧,糟糕
秀 樹 ， 別 在 這 裡 踢球,是
好像 有點 過分 了,才 不會 呢
看上去 都 是 些 便宜貨,不會 吧
這種 地方 怎麼 可能 放 貴重 的 東西 呢,說 得 也 是
堅 村 先生 在 哪 裡 ， 我 想見 他,是 ， 我 馬上 去 找 他 ， 工 藤 先生
麻煩 您 簽名,先生 ， 我 也 要
你 看起來 很 精神 ， 我 也 就 放心 了,你 也 是
我 必須 馬上 趕回 會場,你 就 直接了當 的 說 ， 如何
弘 樹 托付 給 你 的 DNA 探查 程式 ， 你 到底 打算 要 多少錢 才 肯 賣 給 我,我 並 沒 打算 向 你 勒索 ， 我 只 希望 你 能 贖罪
主任 ， 工 藤 先生 說 要 見 您,打攪 了
怎麼 了 ， 主任,這次 又 有 什麼 花樣 呢
接下來,請 欣賞 今天 的 特別 嘉賓
什麼 ， 洋 子 也 來 了 嗎,得 去 搶 最 前面 的 位子 才 行
千葉 ， 封鎖 所有 的 出入口,遵命
好像 來 了 很多 大人物,是 的
警視廳 副 總監,金融界 的 實業家
請 帶 我 過去,是
好 ， 讓 各位 久等 了,大家 請到 「 繭 」 的 會場 去
爸爸 和 柯 南 到 哪 裡 去 了,警官 大人
哦 ， 毛利,你 也 來 啦
凶器 可能 是 兇手 珍愛 的 東西 吧,要 不 就是 留下來 會 讓 人 知道 兇手 是 誰
話說回來 ， 為 什麼 開發 負責人 會 呆 在 這種 地下室 呢,因 為 主任 說 在 人 出入 頻繁 的 地方 無法 集中精力 ， 所以 一個 人 在 這兒
桌上 的 鍵盤 會 不會 是 死亡 訊息,什麼
那 不是 柯 南 嗎,柯 南 為 什麼 會 在 遊戲 參加者 的 行列 裡
可是 這樣 園子 你 . . .,沒關係 ， 我 一點 興趣 都 沒有
聽說 你 跟 堅 村 是 長久以來 的 老朋友,知不知道 他 跟 什麼 人 有 仇
你 不是 跟 他 在 一起 的 嗎,他 剛 才 還 在 這 裡
難道 柯 南 用 了 我 送給 他 的 禮物 了 嗎,我們 走 吧 ， 博士
辛 多拉 社長 ， 系統 發生 異常,什麼
那 是 在 兩年 前 由 被 我 當成 親生 兒子般 疼愛 的 弘 樹 所 完成 的,所以 現在 應該 跟 弘 樹 是 同樣 年紀
你 控制 孩子 們 的 遊戲 想幹什麼,我 的 目的 是 想要 讓 日本 這個 國家 重生
為 什麼 你 會 在 這 裡,因 為 我 擔心 你 啊
說 了 那麼 多 ， 原來 你 也 很 想 參加 這個 遊戲 啊,是 呀
這 裡 似乎 有 什麼 線索,殺死 堅 村 的 兇手 的 線索
如果 大家 都 出局 的話 ， 我們 真的 會 死 嗎,我 可能 沒 辦法 活下去
為 什麼 我們 會 遇到 這麼 倒霉 的 事,人家 又 不是 因 為 自己 想要 而 成 為 爸爸 的 孩子 的
你們 也 和 我們 一塊 嗎,別 妨礙 我們 哦
這 是 我們 要說 的話 才 對,好 了 好 了 ， 不要 吵架
為 什麼 會 變得 如此 失控,讓 我 來 好好 說明
弘 樹 之所以 想 開發 人工智慧,是 因 為 自己 曾經 有 過 這種 痛苦 的 經歷
若 能 將 「 遵循 父母 所 鋪 的 路 走 就 行 」 這種 社會 現象 加以 破壞 的話,日本 就 會 改變
他 委託 你 調查 什麼 事,他 要 我 再 調查 一次 關於 弘 樹 的 自殺 事件
你 是 說 弘 樹 不是 自殺 而是 他殺 嗎,不 ， 以 那種 情況 來說 應該 是 自殺
堅 村 先生 和 弘 樹 是 什麼 關係,堅 村 是 弘 樹 的 父親
要 進 這 裡 面 去 嗎,走 吧
工 藤 先生 既然 負責 策劃 這個 遊戲 ， 應該 知道 如何 攻關 吧,是 的
只要 能 聯絡,我 就 可以 給予 指示 幫助 他們
好 冷,穿 上 這個 吧
灰 原 ， 穿 上 外套 吧,哎呀 ， 謝謝 你
我 很 怕熱 ， 沒關係 的,謝謝
聽 得到 嗎 ， 柯 南,我 是 阿 笠
怎麼 了 ， 博士,聽不見 啊
那麼 ， 我們 怎樣才能 找到 能 幫助 我們 的 角色 呢,剛 才 警察 不是 已經 說 了 嗎
可是 ， 那 是 出現 在 柯南道 爾 小說 中 的 人物 吧,這個 遊戲 可能 是 個 將 現實 與 小說 融合 在 一起 的 世界
那 幫助 我們 的 人 是 那位 夏洛克 福爾摩斯 嗎,是 ， 他 應該 是 存 在於 這個 世界 的
真的 嗎 ， 有 福爾摩斯 的話,就 等於 多 了 100 人 的 力量 啊
我們 快 走 吧 ， 去 貝克 街,好 啊 ， 只要 能 見到 福爾摩斯
喂 ， 你 不 覺得 那個 鐘 有點 怪 嗎,分針 倒回去 了
這 是 什麼 意思,是 在 被 幹掉 之前 先 把 對方 幹掉 吧
這麼晚 了 ， 是 哪位,我 ， 我 叫 毛利蘭
喂 ， 博士,到底 是 怎麼回事 啊
可惡 ， 如果 孩子 們 贏 了,我 就要 把 你 這種 電腦 扔 到 大型 垃圾 回 收場
就是 你們 在 兩個 禮拜 前 幫助 福爾摩斯 先生 破案 立 了 大功 吧,來 吧 ， 快 請進來 吧
那 是 什麼,福爾摩斯 僱傭 的 流浪 小孩 們
也 就是 我們 少年 偵探團 的 前輩,沒錯
你們 先 放鬆 休息 吧,謝謝 你
我們 該 怎麼 做 呢,那個 戴眼鏡 的 一定 知道
既然 是 福爾摩斯,那 他 一定 收集 了 很多 關於 開膛手 傑克 的 資料
那麼 ， 大家 分頭來 找找看 吧,好 ， 那 我 找 這邊
既然 這樣,我 好 想 一直 呆 在 遊戲 裡 啊
有 了 ， 是不是 這個,關於 開膛手 傑克 的 調查
那傢伙 是 誰 啊,自顧自 說 ， 我們 可不 明白 啊
他 是 福爾摩斯 的 宿敵,控制 著 倫敦 的 黑暗 勢力
據說 他 對 整個 歐洲 都 有 著 很大 的 影響力,犯罪 界 的 拿 破 侖
既然 教授 不 露 身影,那 我們 就 去 找 跟 他 有關 的 人 好 了
哇 ， 是 真槍 耶,放 回去 ， 元 太
可是 我們 不是 要 去 見 危險 的 傢伙 嗎,還 沒用 慣 的 武器 是 派 不 上 用場 的 ， 只 會 惹出 麻煩
你們 怎麼 也 進來 了,想 一個 人 獨佔 功勞 ， 門 都 沒有
他 在 出老千,你 看得出來 嗎
你 有 我 出老千 的 證據 嗎,當然 有
莫 蘭 ， 你 太 卑鄙 了,是 你 自己 要 上當 的
莫 里亞蒂 教授 在 哪兒,小鬼 ， 你 怎麼 會 知道 他 的
我 被 打倒 了,這樣 我 就 還 了 你 救 我 的 人情 了
本來 打算 抓住 你們 後 再 逼問 你們 是 誰 的 手下,不過 現在 看來 沒有 必要 了
那 你 就 開槍 吧,即使 教授 的 紅酒 被 打破 也 沒關係 的話
你 想 違抗 莫 里亞蒂 大人 嗎,我 將 他們 帶來 了
把 那 瓶 紅酒 交給 我 吧,好 的
你 能 和 莫 蘭 上校 互相 較量,不愧 是 福爾摩斯 的 弟子
聲音 全都 是 教授 用 腹語 講 的 ， 對 吧,沒想到 連 這點 都 被 你 看穿
你 是 怎麼 知道 的,因 為 剛 才 莫 蘭 上校 對 大叔 說 「 請等一下 」
只有 這點 而已 嗎,還有 一點
你 是 在 還 他 紅酒 時 聞到 這股 味道 的 是 嗎,是 的
為 什麼 要 殺害 無辜 的 女性 呢,開膛手 變成 了 超乎 我 想像 的 殺人 惡魔
你 要 命令 他殺 誰,看 明天 的 報紙 就 知道 了
喂 ， 你 真的 相信 這個 老頭 說 的話 嗎,賭 賭 看吧
我 很 喜歡 福爾摩斯 當時 所說 的 一句 話 ， 你 知道 是 什麼 嗎,不 知道
已經 過去 的 事 即使 後悔 也 沒用 了,你們 會 這麼 想 已經 可以 算是 成長 了
據說 是 福爾摩斯 一生 中 唯一 愛 過 的 女人,也 就是 把 福爾摩斯 所愛 的 人 作 為 殺害 的 目標
請問 休息室 在 哪 裡,就 在 最 裡 面 貼 有 海報 的 房間
福爾摩斯 人 呢,他 本來 很 期待 今晚 的 演出 ， 因 為 出去 調查 案件 了 ， 所以 沒法 來
為 什麼 要 殺 我,因 為 他 想 看到 福爾摩斯 失去 你 之後 悲傷 的 表情
你 真的 無所謂 嗎 ？ 成 為 開膛手 傑克 的 第五個 犧牲者,大家 會 保護 我 的 ， 不是 嗎
雖然 找 不到 幫助 我們 的 角色,但 對 我們 而言 你 就是 福爾摩斯
你 ， 你 擁有 這種 能力,沒有 什麼 案子 是 福爾摩斯 解決不了 的 對 吧
我 還 沒 問 你 的 名字 呢,我 叫 江戶 川 柯 南
請 將 乘客 集中 到 同一 節車廂 中,知道 了
那麼 各位 ， 請 舉起 雙手,好 讓 我們 確認 手上 是否 持有 凶器
難道說 這 隻 小 戒指 是 開膛手 傑克 的 嗎,是 的
開膛手 傑克 因 為 很 想 跟 母親 一起 參加 義賣會 所以 才 留下 戒指 的 是 嗎,嗯 ， 好像 是 這 意思
如果 從小 就 一直 戴 著 同樣 尺寸 的 戒指 的話 ， 你 想 那根 手指 會 變成 什麼樣 呢,也許 十根 手指 裡 面 只有 那根 手指 特別 的 細
你 知道 兇手 是 誰 了 嗎,問題 在於 兇手 是 如何 準備 凶器 的
因此 可以 想到 的 只能 是,凶器 是從 一 開始 就 佈置 在 會場 裡 的 東西
可是 ， 那個 東西 在 哪 裡,晚會 會場 裡 的 銅像 其中 有 一尊 握 著 短劍
要是 去 拔 那個 東西 肯定 會 被 人 看到 的,趁 會場 的 燈光 熄滅 時 拔下來 的
可是 ， 要是 短劍 不見 了 的話 ， 應該 會 有人 發現 的 吧,他 放 了 假 的 在 上面
那 現在 銅像 手上 拿 的 就是 作案 時 使用 的 短劍 咯,是 的
如果 剛 才 踢下來 的 短劍 是 真的 ， 應該 也 會 檢測 出 少年 的 指紋 才 對,可是 短劍 上 只有 辛 多拉 社長 一個 人 的 指紋
聽說 銅像 上 的 短劍 是 辛 多拉 家族 歷代 家傳 的 古董 寶貝 ， 是 吧,你 說 的 沒錯
殺死 母親 ， 報 了 多年 的 怨恨 後 ， 現在 你 還 想要 什麼,我 想要 活下去
讓 流 在 我 身體 裡 的 罪惡 之 血,乘 著 諾亞方舟 流傳 到 下個世紀
這 把 短劍 呢,據說 是 一百年 前 的 連續 殺人 惡魔 ， 開膛手 傑克 所 使用 過 的 凶器
為 什麼 你 不 加以 抗爭 呢,就 像 現在 的 柯 南 他們 一樣
你 知道 是 什麼 嗎,不 知道
如果 真的 可以 將 你 毀滅 的話,為 了 公 眾 的 利益 我會 很 樂意 迎接 死亡
喂 ， 如果 不 把 列車 停下 我們 還 能 存活 下去 嗎,我們 還 不能 說 已經 贏 了 這場 遊戲 啊
難道 你 想 辜負 大家 的 希望 嗎,傻瓜 ， 我 也 不想 放棄 啊
讓 大家 得救 的 唯一 方法,只有 切斷 火車頭 與 客車 車廂 的 連接 部分 才 行
可是 只 靠 我們 兩 人 的 力量,根本 掰 不 動 那個 連接 部分
你們 還 沒有 渾身 浴血,你們 還 活 著 不是 嗎
你們 已經 放棄 了 嗎,你們 明明 已經 把手 放在 了 解開 真相 的 繩結 上 了
在 人生 這條 無色 的 繩索 中 纏繞 著 一條 叫作 殺人 的 紅色 繩索,而 我們 的 工作 不 就是 解開 這個 結 嗎
到底 是 怎麼回事,先別 問 ， 快 過來
你 借用 了 諸 星 的 數據 一起 參加 了 這個 遊戲 是 吧,你 是 什麼 時候 發現 的
你 不用 擔心,現在 我 已經 把 跟 現實 世界 的 通信 切斷 了
其實 你 相信 我們 一定 會 團結一致 克服 所有 的 危機,不是 嗎
哪怕 一次 也好,因 為 我 總是 在 工作
第一次 見面 時說 的 那句話 嗎,奇怪 ， 你 是 怎麼 知道 的
我 也 是從 新 一 哥哥 那 裡 聽來 的,原來 是 這樣 啊
還 多虧 他 纏 著 我們 講,所以 這次 我們 才 得救 了
多 里 亞 先生 嗎,我 是 佛吉尼亞 · 古德曼
進來 吧,謝謝
給 我 兩分鐘 時間 穿衣服,好 的
我 以 為 你 會 晚點 到,沒錯 ， 遺憾 的 是 ， 出 了 點 狀況
我 打 不通 菲利克斯 的 電話,他 出 城 了
但 他 向 我 保證 我 不會 有事 ， 他 有 個 計策 . . .,他 上次 也 跟 我 這麼 說
但 我們 仍 不 知道 是 什麼 ， 我 現在 只 知道 一件 事,什麼
你 今晚 很 可能 被 傳喚 參加 聽證會,你 在 說 什麼
如果 我 有 想 補充 的 ， 你 覺得 我會 到 現在 還 沒 說 嗎,他們 會 提請 將 你 立即 逮捕 ， 多 里 亞 先生
為 什麼 是 這家 離 你 住處 300 公里 遠 的 酒店,不 知道
把 你們 叫 到 那麼 偏遠 的 地方 ， 不 覺得 奇怪 嗎,這 有 關係 嗎
你 和 你 的 情婦 以前 去過 那 裡 嗎,古德曼 女士 ， 我 被 指控 謀殺 ， 這 才 是 問題
怎麼 了,他 拿到 了 你 的 手機
我會 解釋 一切 ， 來 貝拉 維斯塔 酒店 715 號房,這 是 圈套
醒 後 最先 是 什麼 情況 ， 記得 嗎,有 敲門聲
按 你 的 說法 來看 ， 殺害 你 情婦 的 兇手 只能 是 蒸發 了,看起來 是 這樣
酒店 職工 說 只有 你 有 鑰匙,那個 作案現場 是 用來 陷害 我 的
誰 設 的,不 知道
出於 什麼 原因,我 不 知道
不然 你 知道 會 怎麼樣 嗎,怎麼樣
你 會 不會 被 判罪 ， 不是 我 的 職責,你 錯 了
我 告訴 你 這 是 場 陰謀 ， 你 會 怎麼 想,我 跟 你 說 了 怎麼回事 ， 你 還要 我 說 什麼
親愛 的 ， 巴黎 之 行 怎麼樣,法國人 太 噁心 了
談 得 不 順利 ?,我們 沒 達成 共識
索尼婭 ， 我 得 去 機場 了,好 的 ， 你 要 回家 還是 回 巴 賽 隆 納 待 著
登機 後 給 我 發條 簡訊 ， 我愛你,我 也 愛 你
是 誰,索尼婭
幾點 了,快 六點 了 ， 我們 睡 過頭 了
導航 上 不是 這個 方向,往 這條 路 開 更 快
要 我 開 嗎,來 ， 開 吧
我 喜歡 我們 在 一起 的 感覺,還 記得 我們 起初 說 過 的話 嗎
你 想 離開 索尼婭 ?,不想
你 沒事 嗎,應該 沒事
聽 著 ， 我們 沒錯 ， 都 怪 那 頭 該死 的 鹿,我 開 得 太 靠左 了
你 在 說 什麼,要 嘛 犧牲 他 ， 要 嘛 犧牲 我們 ， 阿德里安
糟糕,怎麼 了
他 要是 看到 了 什麼 怎麼辦,沒有
他 要是 看到 了 車 裡 的 人 呢,得 把 人 帶走
你 瘋 了 嗎,他 是 目擊者 ， 懂嗎
你好,你好 ， 一切 都 好 嗎
你 有 手電筒 嗎,這車 是 我 姊姊 借來 的 ， 所以 我 不 知道 放 哪 了
要 多久,修理
拖車 ?,不是 ， 修理
你 怎麼 來 這 裡 了,我 姊姊 住 在 巴瓦 斯特羅
你 是 做 什麼 的,我 是 開 書店 的
你 還 沒 告訴 我 你 的 名字,拉 奎爾
拉 奎爾 ， 你 的 手機 響 了,沒錯
你 的 航班 是 幾點 的,我 正 想 打電話 跟 你 說 我 趕不上 了
這 裡 干擾 太 多 了 ， 你 趕不上 是 出 什麼 事 了 嗎,沒有 ， 只是 引擎 出 了 問題
蘿 拉 ， 你 沒事 吧,我 沒事 ， 很 抱歉 我 沒 早點 打電話 給 你
我愛你,我 也 愛 你
很 高興 認識 你,我 也 是
你 受傷 了 嗎 ， 你 的 手腕 上 有 血,可能 是 鹿 身上 的
你 要 喝咖啡 嗎,好 的
進來 吧,不了 ， 我 就 在 這 等
你 有 孩子 嗎 ， 我 看到 你 戴 著 . . .,沒有 ， 沒有
我 丈夫 想要 ， 我 也 想要 ， 但 工作 太 忙 ， 所以 . . .,別 拖 太久 就 好
留下 吃晚飯 嗎,已經 很 晚 了 ， 我 得 走 了 ， 抱歉
他 有 對 你 說 過 什麼 嗎,或許 他 改 主意 了
為 什麼 撒謊,或許 他 認識 了 一個 姑娘
你 聽到 了 嗎,聽到 了
你 在 這 裡 有 聽到 電話 鈴聲 嗎,沒
他 出門 從不 會 不 帶 手機,他 大概 忘記 帶 了
你 怎麼 看 ， 拉 奎爾,很 遺憾 ， 太晚 了 ， 我 真的 得 走 了
不好意思,沒事
菲利克斯 ， 你 在 哪,我 剛 下 飛機 ， 在 畢爾巴鄂 的 機場
佛吉尼亞 · 古德曼 在 我 這 ， 她 說 控方 比 我們 領先 一步,領先 一步 ?
你 什麼 時候 回來,今晚 ， 把 電話 給 她
菲利克斯 ?,怎麼回事
有 個 新 的 證人 ， 現在 在 法院 了,佛吉尼亞 ?
報告 中 沒有 這個 ， 你 怎麼 知道,這 和 細節 有關 ， 多 里 亞 先生
這 是 什麼 意思,聽 著
然後 呢,這 名 女子 的 車牌號
你 為 什麼 那麼 緊張,你 不 告訴 我 ， 我 沒法 幫 你
你 跟 那 起 男孩 失蹤案 有關 嗎,我 當時 不在 巴黎
我 和 一個 女人 在 一起,所以 伊娃 證明 不了 你 去過 巴黎
你 能 偽 造成 我 去過 嗎 ， 幫 我 搞 個 不 在場 證明 ?,我 有 的 選 嗎
我 還有 一件 事 要 你 幫忙,什麼
我 不想 警方 報告 中 有 我,我會 處理
你 告訴 她 警方 要 你 指認 她 時 ， 她 什麼 反應,我 沒 跟 她 說 過 這個
你 在 哪 給 我 打電話,電話亭
在 有 監視器 的 地方 打電話 很 不明智 啊 ， 多 里 亞 先生,我 知道 ， 我 當時 很 緊張
那 你 什麼 時候 打 的 ， 為 什麼 打,我 意識 到 她 會 不擇手段 的 時候
準備 好 出海 遊玩 了 嗎,我 剛 接到 個 重要 電話 ， 我 要 去 跟 李先生 會面
你 在 哪 給 我 打電話,電話亭
這 是 什麼,那個 男孩 的 錢包
你 當 陪審團 是 白癡 嗎,蘿 拉 曾 在 銀行 上班
難道 蘿 拉 一直 在 學習 這方面 的 知識 ?,或許 她 丈夫 幫忙 了
你 知道 你 做 了 什麼 嗎,你 覺得 呢
怎麼 了,怎麼 了 ， 別 那樣 看 著 我
你 沒 報警 ， 因 為 你 知道 這麼 做 是 對 的,不是 ， 這麼 做 是 錯 的
多 里 亞 先生 ， 你 感覺 怎麼樣,非常高興
你 知道 我 是 誰 嗎,我 只 知道 你 不是 伊凡 · 索 托
你 怎麼 確定 呢,我 跟 你 說 過 了
我 的 兒子 在 哪,我 向 你 保證 ， 你 搞錯 了
是不是 被 你 處理 掉 了,就 像 這樣 ?
地址 ?,別 爾 赫 聖 雷 蒙 街 5 號
會 讓 你 想到 什麼 呢,讓 我 想到 那 家 酒店 的 謎團
出於 什麼 目的 呢,為 了 勒索 我們 ， 他 知道 我們 是 罪魁禍首
你 有 更好 的 主意 嗎,我 問 你 三個 問題
你 明白 了 嗎,給 控方 的 回答 要 確切
你 找 了 個人 教 我 在 受審 時 怎麼 說 ?,她 是 打官司 的 最佳 律師
你 瞭解 橫向 思維 的 概念 嗎 ， 多 里 亞 先生,就是 改變 角度 去 看待 已 給 的 問題
如果 謎團 的 答案 並 不在 那 間 房間 裡 面 ， 而是 在 外面 呢,她 現在 在 別 爾 赫 附近 上班 ， 離家 20 分鐘 的 路程
是 那樣 嗎,你 自投羅網 ， 還 送 上 了 蘿 拉
午安,午安
有人 嗎,裡 面 沒事 吧
晚安,晚安
哪 裡 的 聲響,715 號房
你 為 什麼 不 說出 真相,因 為 對於 湯瑪斯 · 加里 多 不留 蹤跡 地 消失 一事 ， 我 想 聽聽 你 的 說法
你 不是 來 給 我 辯護 的 嗎,那 就 做好 你 的 工作
我 向 你 保證 ， 我 的 連勝 記錄 不會 在 我 最後 一起 案子 上 被 打破,所以 ， 從現在起 ， 你 要 按 我 說 的 做
從現在起 ， 別 再 有所 隱瞞,沒有 了
沒有 了 ?,沒有 了
這 有 什麼 錯 嗎,你 說 的 一切 或許 都 發生 了
但 如果 是 你 打破 了 永不相見 的 約定,而 不是 蘿 拉 呢
你 在 幹嘛,我 在 報警
他 要是 看到 了 什麼 怎麼辦,沒有
那 就 向 我 承認 你 殺 了 蘿 拉,我 承認
你 有 咖啡 嗎,有
菲利克斯,怎麼 搞 的
我 手機 關機 了 ， 有 什麼 事,我 找到 他 了 ， 能 說 你 當時 不在 那
我們 可以 信任 他 嗎,絕對 可以
你 和 佛吉尼亞 · 古德曼 怎麼樣,我 不得不 把 所有 的 事 都 告訴 了 她
所有 的 事 ?,所有 的 事
你 覺得 怎麼樣,你 說 得 沒錯
她 真的 很棒,我們 可以 信任 她
哪 來 的,你 不是 很 聰明 嗎 ， 你 告訴 我 啊
我們 只 想 找到 他 ， 把 他 安葬,對 司法機關 失望 的 他們 ， 決定 觀察 敵人 ， 伺機而動
這 裡 是 警局 ， 有 什麼 需要 幫助 的 嗎,我 是 丹尼爾 · 加里 多 的 父親
你 說 誰 很 囉嗦,喂 ， 不要 突然 跳 出來 啊 ， 白癡
你 才 是 白癡 呢 ， 在 對 著 誰 說話 啊,我 在 用 通俗易懂 的 語言 給 各位 觀 眾 解釋 呢
這麼 說 你 還是 不能 回來 嗎,是 啊 ， 忙 著 調查 案子
聽說 那個 京都府 警 綾 小路 警 部 和 白鳥 警 部 是 同時 進入 警界 的,是 啊 ， 聽說 是 官宦 子弟 ， 外號 「 貴族 警 部 」
那 . . . 那 是 什麼,是 他 的 寵物 斑紋 松鼠
聽說 一直 帶 在 身邊 的 哦,是 個 比 白鳥 還要 怪 的 人 吧
關於 兇手 的 線索 呢,可以 肯定 是 個 劍 道 和 弓箭 的 高手
真是 的 ， 這 不是 很 重要 的 東西 嘛,是 啊 ， 一定 要 收藏 好 才 行
平 次 你 要 出去 嗎,是 啊 ， 有些 事情 想 調查 一下
有 什麼 事 嗎,本來 想 找 你 一同 去 友 呂 岐 綠地 看 櫻花 的
真 羨慕 柯 南 可以 去 京都 啊,好像 是 毛利 接到 了 一個 叫 山 能 寺 的 寺廟 的 委託
怎麼辦,試試看 吧
你們 三個 都 知道 弁 慶 是 誰 吧,是 義 經 的 家 將 對 吧
義 經 是 誰 啊,乳名 叫 牛 若 丸
我們 可以 去 京都 了,可是 答對 的 是 小 哀 啊
你 就是 那個 有名 的 毛利 小五郎 嗎,哪 裡 ， 我 這麼 有名 嗎
聽說 寺 裡 有 件 十二年 才 展出 一次 的 密 寶,是 的 ， 就是 藥師 如來 的 佛像
我們 也 很 想 看 所以 才 特地 過來 的,這樣的話 藥師 如來 也 會 很 高興 的 哦
什麼 ， 主 佛像 被 偷 了,是 的 ， 那 已經 是 八年 前 的 事 了
來 啊 ， 你 也 介紹 一下 嘛,好 的
該 怎麼 答謝 你 呢,不用 了 ， 又 不是 什麼 了不起 的 事
下次 一定 記 得來 店 裡 玩,回去 小心 一點
這 一點 又 是 什麼 呢,不過 是 弄髒了 吧
喂喂 ， 真的假 的 啊,找 佛像 的 事 就 交給 專家
我們 去 參觀 京都 吧,就 這樣 就 這樣
柯 南 也 一起 去 吧,我 就 不 去 了
大 哥哥 ， 把 竹 刀 還給 我 啊,不好意思 ， 謝謝 啊
喂 ， 我們 走 吧,要 好好 練習 哦
你 在 這種 地方 做 什麼,那 你 又 是 在 做 什麼 呢
在 關西 說 到 偵探 的話 應該 是 我 吧,他們 可能 是 不想 讓 警察 知道 吧
下 一個 在 哪 裡,蹴 上 斜坡
你 在 笑 什麼,對不起 對不起 ， 你 繼續
好像 在 哪 裡 看到 過,真的 嗎
誰 也 有 和 這 一樣 的 珠子 嗎,沒有
那麼 ， 她 知道 這件 事 嗎,雖然 我 沒有 和 她 詳 細說 過 ， 但 她 好像 是 知道 的
她 知道 這件 事 是 因 為,雜誌 的 採訪報道
這 是 什麼 啊,只是 個 水晶 珠子 而已
那 你 認識 那個 女孩子 嘍,我 怎麼 可能 認識 呢
而且 連 自己 小時候 的 照片 都 登上 去 了,真 可愛
這 裡 可是 鐵軌 啊,別 和 我 說話 ， 會 分心 的
那傢伙 應該 就是 殺害 源氏 螢 成員 的 兇手 吧,可能 吧
你 為 什麼 會 在 這 裡,在 街上 偶然 碰到 了 工 籐
那麼 ， 畫 裡 的 謎題 解開 了 嗎,還 沒 ， 很 難 啊
你們 幾個 怎麼 來 了,是 住持 告訴 我們 的
你 認識 嗎 ， 平 次,算是 吧
是 我 約 他 來 的 嘛,是 啊
好像 每個 人 都 有 本 《 義 經 記 》 呢,我 也 有 啊 ， 那 可是 本 好書
安 宅 是 什麼,是 能劇 的 一個 劇目
為 什麼,為 了 騙過 關口 的 看守
您 可以 去 隔壁 的 房間,不用 了 ， 下面 的 房間 就 可以
可以 看見 河 呢,是 鴨 川
受了傷 嗎,是 啊 ， 一點點
是不是 很 關心 那個 舞 妓 啊,白癡 ， 胡說 什麼 呢
怎麼 了,我 想起 了 以前 和 小 蘭 約 好 見面 的 事情 了
對不起 ， 其實 我 完全 . . .,太好了
小 蘭 ， 打電話 報警,是
是 高中生 偵探 ， 服部 平 次 嗎,是 的
在 警察 來 之前 大家 都 到 剛 才 的 房間 去 等 著 吧 ， 絕對 不 可以 出去,知道 了
你 怎麼 看 ， 是 外面 的 人 幹 的 嗎,雖然 不能 說完 全 不 可能 ， 但是 如果 大門 被 打開 發出 了 聲音 ， 老闆娘 應該 會 注意 到
為 什麼 水 尾 去 上 廁所 的 時候 千 賀 鈴 要 陪 著 他 呢,舞 妓 們 好像 都 是 這麼 做 的
這 是 什麼,那幅 畫 的 複印件
櫻 先生 就是 伊 勢 三 郎 ？,是 啊 ， 他 好像 也 是 源氏 螢 的 成員
那 不是 很 有 可能 櫻 先生 隨身帶 著 原件 ， 然後 被 兇手 拿走 了 嗎,原來如此
在 外面 的 共犯 把 兇器 從 河 裡 撿 走 了,這 是 不 可能 的
為 什麼 啊,今晚 是 滿月 ， 外面 很 亮 的 啊
還有 ， 你 是 誰 來 著,我 是 警視廳 的 白鳥
還 痛 嗎,有 一點
警 部 先生 ， 那 把 短刀 呢,現在 正在 化驗
什麼 證據,證明 那 把 短刀 是 殺害 櫻 先生 的 兇器 的 證據
沒關係 嗎 ， 不 呆 在 醫院 靜養,沒關係 啦
該 不會 那個 戴 老翁 面具 的 就是 你 的 初戀情人 吧,怎麼 可能 有 這種 事
各位 有 誰 練 過 射箭 嗎,射箭 嗎 ， 沒有
請進,好 的 ， 多謝
以後 也 請 多多 捧場,哪 裡 哪 裡
剛 才 你 唱 的 是 什麼 歌,我們 叫 它 手球 歌
你 該 不會 認 為 她 就是,絕對 沒錯
你們 幾個 怎麼 來 了,我們 答對 了 博士 的 問題
可是 元 太 他 迷了路,那 就 用 偵探 徽章 啊
所以 想 用 你 的 那個 眼鏡 來 找 一下,OK ， 就 交給 我 吧
這 東西 還 真是 方便 啊,是 啊
不 覺得 很 奇怪 嗎,確實 奇怪
哪兒 奇怪 啊,比如說 如果 白鳥 他 一個 人 戴 著 這 三樣 就 很 自然
怎 ， 怎麼回事,肚子餓 了
你 真的 知道 殺害 櫻 先生 的 兇手 是 誰 了 嗎,是 的
他 沒 問題 的 吧,總之 先 聽 他 說完
可是 我 剛剛 才 開始 學 ， 怎麼 可能 殺 得 了 人 呢,我 也 是 這樣 想 的
服部 ， 八年 前 你 偷偷 溜進去 的 就是 山 能 寺 吧,你 怎麼 知道
可是 這 顆 水晶 珠 恐怕 不是 你 的 初戀情人 掉 的 哦,你 說 什麼
我 餓 了,是 嗎 ， 我們 馬上 就 到 家 了
這個 玉龍 寺 ， 現在 在 哪 裡,在 鞍馬 山 的 深山 裡
為 什麼 特地 選擇 在 先 斗 町 而 不是 別的 地方,因 為 只有 那 裡 的 茶屋 後面 有 河水 流過
怎麼 知道 我 是 兇手 的,因 為 你 刻意 假裝 自己 不會 射箭
你 想 獨佔 佛像 果然 還是 為 了 錢 吧,沒錯 ， 不過 並 不是 為 了 私慾
你 只是 在 利用 龍 圓 先生 而已 吧,沒錯 ， 之前 聽 他 提到 過 佛像 的 事
如果 你 告訴 我 佛像 藏 在 哪 裡 的話,什麼
快 說 ， 佛像 到底 在 哪 裡,就 在 這個 寺院 裡
這 就是 所謂 的 騎驢找驢 吧,你 胡說
你 是 誰,工 籐 新 一
那麼 平 次 的 狀況 呢,明天 做 全面 檢查 前 必須 靜養 ， 所以 工 籐 拜託 我 好好看 著 他
我 可 沒有 那麼 黑 喲,是 嗎
連 小 蘭 都 不能 說 嗎 ， 為 什麼,反正 見 不到 ， 還 不如 不 知道 的 好
找到 了 嗎,還 沒有
你 的 表情 還是 和 那時 侯 一樣 呢,怎麼 搞 的 ， 大汗淋漓 呢
平 次 ， 在 弁 慶 的 抽屜 裡 有 刀,什麼 ， 這個 櫃子 裡 邊 嗎
你們 去 抓 那個 小姑娘,是
醒過來 了 嗎,爸爸
短劍 嗎,這 可不是 一般 的 短劍
刃 上 塗 了 見 血 封 喉 的 劇毒 哦,什麼
想 成 為 義 經 的 弁 慶 是 嗎,若 你 是 弁 慶 ， 義 經 早 在 當年 那個 安 宅 關口 斃命 了
服部 少年 和 毛利 名 偵探 嗎,看來 你 的 修行 還是 不夠 呢
之前 把 你們 兩個 誤 想 成 了 兇手 ， 實在 抱歉,沒關係 了
見到 初戀情人 了 嗎 ， 平 次,一輩子 都 不會 告訴 你 的 ， 笨蛋
有 什麼 嘛 ， 小氣鬼 ， 告訴 人家 嘛,也 可以 ， 再 過 1500 年 也許 會 告訴 你
要 一個 冰淇淋,好 的 ， 300 日圓
嘿 ！,是 她 ， 瑞 奇 威 家 的 姑娘 多 舒坦 哪
可 有 的 人 得 拼命 幹,戴 茜 ！ 站 好
歡迎您 來 伍 德 莊園 ， 瑞 奇 威 小姐,祝願 您 過 得 愉快 謝謝 ， 巴 恩斯特 ， 我會 愉快 的
也許 您 想 見見 他們 ？,待 會 ， 我 想 看看 花園 修 的 怎樣
設計師 還 沒來 呢 ， 快 去 辦 ， 巴 恩斯特,遵命
真 抱歉 ， 你 的 管家 沒 告訴 我,這 沒什麼 ， 沒什麼
你 太 美 了,謝謝 ， 你 也 總 這麼 美
茶 給 您 放 哪兒 ， 小姐 ？,放在 客廳 裡
露易絲 她 怎麼 了 ？ 想 男人 了 ， 還有 什麼,她 一心一意 地 想 嫁給 一個 埃及 人
她 根本 不 瞭解 那個 人 我 派 人 去 調查 了 一下,結果 呢 ？ 那個 人 是 結過婚 的
所以 你 就 制止 了 ？,你 說 對 了 我 還 叫 她 別 指望 我會 給 她 嫁妝
噢 ， 林 內特,噢 ， 真 漂亮 你 喜歡 我 很 高興
有件事 我 想 跟 你 說 說 想 請 你 幫 個 忙,你 盡 管 說 吧 這 可不是 件 小事
我 訂婚 了,傑 基 ， 這 太好了
給 他 找 個 事 ？ 找事 ？,這 這兒 ， 伍 德 莊園 ， 行 嗎 ？
你 不 覺得 應該 先 說 說 他人 怎麼樣 ？,嗯 ， 他 叫 賽 蒙 ， 賽 蒙 多爾 他 是 … 他 是 我 最 中意 的 人 了
傑 基 ， 你 喜歡 嗎 ？,喜歡 啊
噢 ， 真 漂亮,可不是 嘛
他 喜歡 鄉村,能 在 這兒 找 個 事 那 最 理想 了
哦 ， 林 內特 我 要 不 嫁 他 我 就 寧可 去 死,真的 ， 寧可 去 死
你 太 癡情 了,是 啊
好 吧 ， 要 我 幫 什麼 忙 ？,你 現在 有 了 這麼 大 一個 莊園 總得 有 個人 替 你 管管
我 想要 個 有 經驗 的 聽 我 說 …,賽 蒙 … 他 在 劍橋 學 產業 經營 管理 的 他 很 適合
你 這麼 吧 你 要 不 喜歡 ， 可以 辭 了 他 ， 我 知道 你 會 喜歡 的,好 吧 ， 你 明天 把 他 帶來
好,讓 我 先 看看 謝謝
她 要 不用 我 ， 那 多 難堪 啊 放心 吧,林 內特 答應 了 ， 差不多 答應 了
林 內特 不見得 會 喜歡 我,胡扯 ， 她 會 喜歡 你
你 幹 這事 最合適 了 ， 最合適,我 盡 可能 不 叫 你 失望
賽 蒙 ， 我 真愛 你,你 叫 我 太高興 了
我們 去 埃及 度蜜月,這次 你 埃及 可 去 成 了
林 內特 ， 他 來 了,下來 別 鬆手 啊 ， 親愛 的
就是 他 ， 我 的 賽 蒙,你好 ， 傑 基 說 了 你 很多 好話
他 合適 嗎 ， 他 好 嗎 ？,是 ， 我 看 他 倒 挺 合適
布萊梅 號 今晚 上 啟 航 我 還 能 趕得上,你 想 去 買通 那些 英國 律師 ？ 不 ， 傻瓜
那 幹嗎 ？,我 到 埃及 去 她 不是 在 那兒 度蜜月 嗎
他們 在 度蜜月 ， 她 不會 那麼 清醒 你 懂 了 嗎 ？,可是 林 內特 並 不 傻 ， 潘 寧 頓
你 這麼 仔細 研究 什麼 ？,她 的 相片 ？ 還是 項 鏈 ？
你 說話 可 要 謹慎 點 ， 鮑爾斯 留神 我 把 你 辭 了,我 在乎 這個 ？
華盛頓 有錢 的 寡婦 多 著 呢,都 想 雇 個 能 按摩 按摩 又 能 順從 她們 的 人 你 要 辭 就 辭 吧
好 大 脾氣 ， 鮑爾斯 看來 你 需要 散散心 了,那麼 到 尼羅河 去 走 一趟 好 嗎 ？
那 地方 我 可是 討厭 透 了 ， 我 最 受不了 的 就是 天 熱 和 異教徒,那 好 ， 我們 去
幹嗎 不 裝 個 自動 電梯,懶骨頭 ！ 懶骨頭 ？
想到 快 到 快 到 比 真的 到 了 還有 味兒,多 美 呀 ！
快活 嗎 ， 親愛 的 ？,小 傻瓜 ， 我們 是 最 幸福 的 人 ， 最美 的 人 ， 最 幸運 的 人 ， 最 孤獨 的 人 就 我們 倆 ， 沒 別人
傑 基 … 你 在 這兒 幹什麼 ？,看看 風景 ， 跟 你們 一樣
可 在 威尼斯 和 不列顛 我們 也 都 碰見 你 了,真是 太巧 了
她 總是 跟 著 我們 ， 存心 的,是 這樣 ， 簡直 不能容忍
騷貨 ！ 我們 到 哪兒 她 都 蹦出來 就 像 一 隻 袋鼠 在 發情,簡直 不能 理解 她
我 看 這 都 得 怪 我,是 嗎 ？
是 我 毀 了 婚約 娶 了 你,她 當然 很 不 高興
我 看 她 心 裡 得意 的 很 哪,不 ， 親愛 的
我們 是 幸福 的 ， 別 讓 傑 基 掃 了 興,當然
這 是 美好 的 蜜月 誰 都 別 想 破壞 它,我愛你
瑞斯 上校 ！ 你好 啊 見到 你 真 高興,我 的 老朋友 ， 好極了 ， 好極了 是 啊
好久沒 見到 你 了 ， 自從 … 那個 砍 下 牧師 腦袋 的 離奇 案件 後,是 啊 ， 是 啊
我 至今 還 覺得 你 真 運氣 從 煙囪 裡 把 刀 找 出來,運氣 ？ 對 我 來說 是 運用 大腦 的 結果
運氣 ， 我 留給 別人 了,對 了 ， 我 忘 了 你 對 自己 的 評價 了
請問 你 來 這兒 幹嗎 ？ 我 是 來 度假 的 ， 坐船到 尼羅河 上 遊 玩玩 ， 你 呢 ？,真巧 ， 我 也 是 哦 …
換句話說 你 想 跟蹤 某個 遊客,哦 ， 不 ， 不 僅僅 是 來 度假 ， 朋友 ， 跟 你 一樣
這 椅子 有 主 嗎 ？ 這 世界 上 ， 同志 ， 都 是 有 主 的,什麼 ？ 哦 ， 沒 關 系 ， 坐 吧
謝謝 ， 你 在讀 《 資本論 》 ？,啊 ， 我 出門 總 帶 著
我 是 貝斯 納 大夫 我 的 貝斯 納 學院 在 蘇黎世,簡 福克 森 ， 世界 的 公民
你 是 來 度假 的 吧 ， 啊 ？,不 ， 我 是 來 觀察 資本主義 制度 衰亡 的 ， 朋友
眼前 就是 個 很 好 的 標本 百萬富翁 的 女 繼承人,寄生蟲 你 不 滿意 ？
她 讓 我 惡 心 在 任何 合理 的 社會 裡 …,是 啊 ， 也許 你 對 她 的 權利 也 太 大 了
先生 噢 ， 謝謝 你,乾杯
林 內特 ， 林 內特 ， 親愛 的 安德魯 大叔 真沒想到 我 不 知道 你 也 來 埃及 旅行 了,是 突然 決定 的 ， 說 實在 的 我 來 度蜜月 的
度蜜月 ？ 這位 就是 新郎 ？,親愛 的 ， 這 是 我 的 美國 律師 兼 託管人 安德魯 潘 寧 頓
你好 跟 我們 一塊 坐 吧,那 好 ， 就 稍 坐 一會兒
真是 引人注目 啊 連 你 這 英國人 也 在 含蓄地 盯 著 她,她 太 美 了 噢 ， 她 太有錢 了
你 當然 知道 她 是 誰 當然 知道,請原諒 我 打攪 你們 剛 才 我 還 跟 我 的 女兒 打賭
你 是 霍克 爾 波 瑞 奇 著名 的 法國 偵探,不 全 對 ， 霍克 爾 波 洛 著名 的 比利時 偵探
說 對 了 吧 ， 羅 薩 利,現今 世界 上 只有 一個 波 洛 先生 他 是 獨一無二 的 ， 就 像 我 也 是 獨一無二 的
我 母親 ， 薩 萊 梅 奧特 伯恩 小說家,啊 ， 你 就是 薩 萊 梅 久仰 了 ， 很 榮幸
你 瞧 我們 ， 兩位 名人 聚在一起 了,應該 說 三位
啊 ， 認識一下 我 的 朋友 瑞斯 上校 這 是 奧特 伯恩 太太 和 她 的 女兒,榮幸 ， 太 榮幸 了 ， 請 坐 ， 太太 ， 小姐
你 現在 大概 在 寫 另 一部 書吧 太太 ， 以 埃及 為 背景 ？,你 真 聰明絕頂 ， 怎麼 推斷 出來 的 ？ 波 洛 先生
我 是 來 感染 一下 當地 色彩 是 為 寫 我 的 巨著 … 《 獅身人面像 上 的 白雪 》,這 死 沉沉的 謎 煥發 出 炙熱 的 愛 ， 就 像 這個 剛剛 從 學校 畢業 的 英國 少女 ， 能 融化 沙漠 酋長 那 顆 坦誠 的 心
不過 我 覺得 波 洛 先生 不是 個 愛看 愛情小說 的 讀者,他 當然 愛看 ！ 法國人 都 愛看 他們 才 不怕 對 性 的 描寫 ， 根本 不同於 我們 國內 的 那些 大 圖書館 ， 他們 禁止 薩 萊 梅 奧特 伯恩 真實 地 描寫 男女 之 愛
也許 你 願意 跟 我 跳 個 探戈 我 的 小姐 ？,飯後 稍微 地 活動 活動
會 跳 探戈 嗎 ， 上校 ？ 怕 跳 不好 ， 太太,那 讓 我 來 教 你 ， 就 像 從前 西班牙人 跳 的 ， 當時 叫做 奇 卡
喂 ， 波 洛 先生 ， 我 看見 林 內特 找 你 了 ， 她 給 你 多少錢 讓 你 趕 我 走 ？,不 ， 我 沒有 接受 多爾 太太 的 委託
是 作 為 真誠 的 朋友 跟 你 談談 還有 什麼 ？ 你 想 說 什麼 呢 ？,說 我 這樣 是 在 當 眾 出醜 ？ 說 我 瘋 了 ？
我 說 死了心 吧 不要 像 埃及 人 那樣 … 為 了 使 靈魂 永遠 不 死 而 把 屍體 保存起來,不 ， 永遠 死 了 這條 心
不要 往後 看 ， 要 向前 看,記住 ， 時間 能夠 醫治 一切
你 以 為 我 在 受苦 ？ 你 錯 了 相反 我 覺得很有 樂趣,對 ！ 最 糟糕 的 正是 你 覺得很有 樂趣
這 東西 很小 ， 卻 能 致命 ， 我 爸爸 把 我 教 成 神槍手 ， 有時候 我 真 想 把 這 槍 對準 她 的 腦袋 ， 然後 只要 輕輕地 … 一 扣 ， 我 越來越 想 聽 那 槍聲,我 瞭解 你 的 心情 有時候 我們 也 會 有 的
我 只是 想 警告 你 … 別 讓 邪惡 鉆 進 你 的 心 它 會 留在 那兒 作怪 的,心 裡 要 沒 愛情 ， 邪惡 當然 降臨
你好 啊 ， 波 洛 先生 你 回 旅館 嗎 ？,還 能 去 哪兒 ？
你 瞧 ， 把 這個 送 林 內特 她 會 喜歡 嗎 ？,那 要 看 她 抽 煙 嗎 ？ 她 只 抽 香 煙
對 了 ， 你 跟 傑 基 談 過 了 嗎 ？,談 了 ， 就 在 剛 才 談 的
好 ， 但願 她 能 明 白點,她 能 明白 的 就是 永恆 的 復仇
你 開玩笑 ？,從不 開玩笑 ， 朋友
可 傑 基 這個 人 很 固執 想要 就要 ， 不過 呢 … 她 也 想要 過 你 ？,大概 是 吧 ， 對 ， 要 過
可 她 脾氣 可 懷 呢 ， 主意 又 大 都 得 由 她 做主 ？,對
男人 可 受不了 這個 ， 是不是 ？,對 對 ， 是 受不了
我 第一次 遇見 林 內特 ， 怎麼 說 呢 …,就 像 早晨 的 太陽 蓋 過 了 月亮 一樣
認識 了 她 ， 傑 基 就 不 存在 了,對 ， 有些 女人 是 有 這種 力量
可 你 怎麼 擺脫 你 目前 的 困境 ？,我 有 個 絕妙 的 辦法 而且 十拿九穩
去 火車站 ， 越快越好,謝謝
對 了 ， 你 準 是 貝斯 納 大夫 一 嘴 漂亮 的 德國式 小鬍子,我 看 你 永遠 當不了 偵探 ， 先生
我 叫 波 洛 ， 霍克 爾 波 洛,啊 ， 著名 的 波 洛 先生 我 未免太 失敬 了 ， 失敬 了
我 說 ， 這樣 是不是 更 簡單 我們 告訴 你 姓名 ， 你 把 我們 訂 的 客艙 說 一下,簡單 ？ 啊 ， 那 好 啊 那 當然 簡單 啦 ， 當然 啦 ， 這樣一來 最 簡單 不過 啦
這 下 可好了 ， 到底 把 她 給 甩掉 了,那還用說 嘛 ， 你 是 天才
賽 蒙 幹 得 還 不錯 吧 ？,像 童話 一樣
你 是 瑞 奇 威 家 姑娘 吧 ？ 你 是 範 斯 凱勒 太太,我 還 當 你 不會 先 打招呼 呢 我 不大 跟 陌生人 打招呼
噢 ， 項 鏈 真 美,謝謝 令人 驚奇 啊
知道 怎麼 變 的 嗎 ？ 一粒 小小的 沙子 鉆 進 了 一個 蚌殼 裡 ， 到 後來 就 變成 了 一顆 寶貴 的 珍珠 ， 戴 在 你 這樣 一位 美 人 的 脖子 上,我 可 沒 這麼 想 你 應該 想 那 蚌 為 此 送命 了
我 的 傭人 鮑爾斯 她 跟 世界 拳王 打 過 15 個 回合 那 拳王 就此 一蹶不振,對不起 ， 瑞 奇 威 小姐
你 對 那 項 鏈 又 眼饞 了,住嘴 ， 鮑爾斯
就 因 為 你 對 她 父親 有 仇 … 也 用 不 著 這麼 粗暴 有 仇 ？,她 那 該死 的 父親 毀 了 我 的 全家
我 說 你 應該 感激 才 是 要 不 你 不會 有幸 來 服侍 我 了,光 憑 這個 ， 也 恨不得 殺 了 她
寫文章 還要 誹謗 人 ， 是 吧 ？,真遺憾 你 居然 如此 看待 《 柿子樹 下 的 熱戀 》 這本 書
要 知道 親愛 的 我 寫 這本 書 是 為 了 恭維 你,直說 吧 ， 奧特 伯恩 太太 我 可不 認 為 被 人 描寫 得 像 一 隻 色情狂 的 猴子 是 恭維
我 想 還是 由 律師 來 決定 ， 你 對 我 進行 下流 地 描寫 ， 該 怎麼 賠償 我 名譽 損失 ， 再見,沒教養 的 ！ 我會 讓 你 知道 究竟 什麼 是 名譽
太 不負責任 了 吧 ？,對 ， 很 不 負責
裡 面 沒 半點 差錯 核 對 過 了 ， 我 反 復 地核 對 過,我 總是 先 看過 再 簽字 ， 我 父親 教 我 的 ， 他 常 說 誰 也 別 信 ， 哪怕 你 是 律師
你 去世 的 老 爸爸 他 真 會 說笑話,是 這樣
就是 想 喝酒 ， 你 呢 ？,好 吧 ， 看 在 新婚 份 上
但願 我 不是 在 多 管 閑 事 我 是 律師,我 得 說 我 非常 欣賞 你 那種 一絲 不 茍 的 態度
你 父親 完全正確 總要 先 看過 ， 然後 再 簽字 ， 我 想 你 也 同意 吧 ？,當然 ， 當然 反正 不 急
我 希望 我 沒有 得罪 他 得罪 又 怎麼 了 ？ 你 是 … ？,瑞斯 ， 瑞斯 上校 得罪 又 怎麼 呢
跟 我們 一起 喝一杯 吧 ？,謝謝 ， 太 謝謝 了
你 怎麼樣 ， 波 洛 先生 ？ 來 喝一杯 慶祝 一下,瑞斯 和 我會 跟 你們 喝 的 過會兒 來
太太 ， 有 話 跟 你 說,過會兒 ， 露易絲
過會兒 ， 露易絲,不 ， 這會兒 ， 要緊 事 酒吧間 等 你
說 吧,我 接到 份 電報
可是 太太 ， 你 不能不 給,得了吧 ， 露易絲
我 應該 去 ， 你 把 答應 過 的 錢 給 我 吧 ， 我 已經 跟 了 你 五年 了,這 是 完全 辦不到 的
太太 ， 你 答應 過 我,可 他們 還 沒 離婚 ， 露易絲
我 求求 你 ， 我 要 那 筆 錢 做 嫁妝 ， 我 幹活 沒 偷懶,我 沒 辭 你 前 ， 你 還 得 照樣做 下去
我 就 知道 你 來 不是 什麼 … 怎麼 說 的 ？ 僅僅 是 度假 來 著,我 可以 告訴 你 ， 我 秘密 地 為 多爾 太太 的 英國 律師 事務所 工作
我們 懷疑 安德魯 潘 寧 頓 在 …,侵吞 她 的 財產 ？
侵吞 她 的 財產 ？,就是 這麼回事
根據 她 父親 的 遺囑 她 一 結婚 就 可以 經營 這些 財產 ， 而 現在 她 已經 結婚 了 潘 寧 頓 剛 想 讓 她 簽 一個 …,擺脫困境 的 文件
真的 嗎 ？,是 真的 ！
現在 怎樣 ？,沒什麼
在 健全 的 世界 應該 把 她 幹掉 來 警告 別人,幹掉 ？
對 死者 不 存在 誹謗 ， 對 嗎 ？,你 的話 我 聽 不 太 懂
你 是不是 回到 船上 去 休息 一下,好 吧
有 這事 ？,噢 ， 有
噢 ， 這 真是太 奇妙 了,簡直 叫 人 無法 理解
哪 裡 有 四千年 啊 ？,這些 柱子 是 西元前 1788 年 建 的 ， 我們 都 同意 你
怎麼回事 ？,我 沒事 ， 真的 沒事
我 得 去 參觀 阿布辛 剖 廟,那可真 值得一看
它們 怪 可怕 的,不 ， 不 可怕
你 還 不 打算 死了心 啊 ？ 你 不肯 離去 ？,不 ， 我 不會 離去
它 會 為 我 發出聲音 嗎 ？,當然 ！
你 怎麼 這麼 說 ？,因 為 這 是 事實 ！
最 東邊 的 ， 就是 那個 最 著名 的 會 發聲 的 塑像,真的 ？
真的 ？,對
我 早就 盼 著 跟 你 私下 談一談 ， 可 一直 找 不到 機會,我們 有 什麼 可 談 的 ？
你 在 一些 有 地位 有 名望 的 人 面前 說 了 我 不少 很 不 入耳 的話,我 說 你 是 個 庸醫
那 你 告 我 ， 你 敢 嗎 ？,你 明 知道 我 不能 告
這 是 要你命 的 事 嘍 ？,但願 這 不會 要 你 的 命 ！
幾點鐘 了 ？,鐘 在 那兒 ， 拿 眼看 嘛
你 是 想 喝 甜酒 還是 白蘭地 ？,不 ， 謝謝
在 蘇黎世 辦學 院 的 是 你 呀,不錯
我 媽媽 是 好 出身,可 她 的 好 家風 沒 傳給 你
你 肯定 帶來 了 ？,當然 帶來 了
怎麼 哪兒 也 沒有 啊,拿 眼看 嘛
遵命 ， 太太 晚安,晚安
好 吧 ， 我 的 披肩 呢 ？,我 沒 看見
你 今天 好像 困 得 很 ， 波 洛 先生,是 啊 ， 我 非常 非常 地 … 我 實在太 困 了 ， 太太 也 說不上來 怎麼 了 我 連 眼 都 睜不開 了
真對不起,噢 ， 沒事
今晚 尼羅河 有點 起 浪 了,是 啊 ， 的確 ， 是 要 翻騰 了
再見,再見
賞 岸 去 了 ？,是 啊 ， 月光 下 可 真 美 ， 可 真是 蜜月 之 夜
來 喝 點 ？,不 ， 謝謝
我 想 睡覺 了,我 看 是 該 睡 了 是 該 睡 了
晚安,晚安
不早了 ， 我 也 該 走 了,不 ， 你 再 坐 一會兒
談談 你 自己 的 事 ， 嗯 ？,我 沒有 什麼 好 談 的
我 看 你 夠 了 吧 ？,夠 什麼 ？
是 沒 我 的 事,對 極了
你 怎麼 了 ， 賽 蒙 ， 害怕 了 ？,害怕 什麼 ？ 害怕 我會 把 我 的 一段 經歷 … 告訴 這位 可愛 的 小姐
我 可 真 得 走 了,別 走 ， 是 一段 很 傷心 的 事
她 怎麼樣 ？,一個 對 過去 情人 開槍 的 人 還 能 怎麼樣 呢 ？
骨頭 打碎 了 ， 而且 血流 了 不少,不要緊
我 守 著 她,好
開 開門 ， 對,慢點 走 ， 慢點 走
好 了 ， 你 給 他 頭上 捂 塊 濕 毛巾,是 ， 醫生
我 去 把 那 槍 撿回來,那 東西 留在 那兒 不太好 ， 是 吧 ？
那 東西 留在 那兒 不太好 ， 是 吧 ？,是 啊
剛 才 出事 了,知道 ， 知道 奧特 伯恩 小姐 告訴 我 了
傷勢 很 重 ， 再 給 我 一塊 布,好 ， 這 就 去
鮑爾斯 小姐 ， 她 不要緊 吧 ？,是 的 ， 我 給 她 打 了 嗎啡
你 看 是不是 需要 告訴 你 妻子 ？,好 ， 好 吧 ， 你 去 吧
我 給 你 做 副 夾板 等 你 睡 著 了 我 給 你 夾 上 ， 嗯 ？,謝謝 大夫
誰 會 把 它 拿走 ？,誰知 道 啊 ？
什麼 ？,沒什麼
那 我 就 聽 你 的 吩咐 了,謝謝
大夫 ， 談談 情況 吧,是 被 很小 的 子彈 打中 的 口徑 大概 是 . 22 ， 而且 槍口 離 腦袋 很 近
噢 ， 你 是 說 燒焦 了 ？,對 ， 對 ， 燒焦 了
你 看 這 是 什麼 ？,哦 ， 這個 意思 很 簡單 ， 這 是 多爾 太太 臨死前 她 想 對 我們 指明 誰 是 兇手 ， 所以 就 用 手指 蘸上 血 在 墻 上 寫 了 J ， 傑 基
你 盡 說 些 蠢話 ， 她 當時 就 斷 了 氣,真的 ？
真的 ？,是 啊
根本 不 可能 用 手 蘸 血 寫字,對 ， 對
你 是 在 開玩笑 ？,小小的 玩笑 ， 不過 有點 不合時宜
大夫 ， 人 什麼 時候 死 的 ？,她 死 了 至少 有 六小時
這 就 太 奇怪 了,怎麼 了 呢 ？
好極了 ， 希望 排除 嫌疑 能夠 順利 地 進行,恐怕 不會 順利 ， 上校
至少 先生 ， 你 總 不能 懷疑 我 吧 ？,噢 ， 怎麼 不能 ？
你 有 充分 理由 殺 她 ， 根據 我 昨晚 的 發現,哦 ， 是 給 你 偷聽 了
我 是 說 可以 告 她,那 你 就 毀 了 ！
可是 我 不會 做出 這種 事,這 很難說 ！
當 夜深人靜 ， 你 趁 著 病人 睡 著 的 時候 溜出 了 你 的 客艙 ， 到 多爾 太太 那兒 把 她 殺 了,不 ， 大夫 先生 ， 我 不能 排除 你 你 的 那些 假設 … 言過其實 ！
你 完全 有 可能 用 它 打死 多爾 太太,我 可能 做 ， 但 事實上 我 沒 做 ！
所以 肯定 不 可能 是 她 殺 的,對 ， 完全 不 可能
你 這人 真 可惡 ， 你 裝 得 又 善良 又 體貼人 ， 原來 是 想 陷害 我們 ！,我 必須 查明真相 究竟 是 什麼
她 是 社會 上 的 寄生蟲 像 她 這樣 的 人 應該 把 她 幹掉,噢 ， 是 啊 ， 幹掉 她 來 警告 別人
我 ？,是 的 ， 你 ， 小姐
簡直 胡扯 ， 這話 你 聽 誰 說 的 ？,是 你 親口說 的 ， 小姐 ， 三天 前
你 怎麼 竟敢 偷聽 別人 的 談話 ！,刮 進 耳朵 裡 的
真的 嗎 ？,對 ， 是 真的
你 的 意思 是 說 你 給 傑 基 小姐 打 了 嗎啡 之後 ， 她 一夜 沒醒 ？,是 這樣 ， 過度 緊張 、 醉酒 加上 嗎啡 ， 船 沉 了 她 都 醒 不了
可 我 幹嗎 要 殺 多爾 太太 ？ 這件 事 都 過去 這麼 多年 了,因 為 造成 的 後果 使 你 至今 心 裡 感到 不滿
不 ， 遺憾 的 是 ， 小姐 ， 我 不會 因 為 你 抗議 就 不 懷疑 你 ， 依我看 ， 你 有 手段 有 動機 有 時機,你 的話 說完 了 嗎 ， 波 洛 先生 ？
你 的話 說完 了 嗎 ， 波 洛 先生 ？,暫 且說 到 這兒 ， 如果 有 必要 ， 你 得 準備 回答 我 進一步 的 問題
暫 且說 到 這兒 ， 如果 有 必要 ， 你 得 準備 回答 我 進一步 的 問題,我 絕不 回答 你
是 真的 ？ 林 內特 的 事 ？,千真萬確
你們 都 以 為 是 我 ， 可 我 沒 殺,安靜 點 ， 安靜 點 ， 小姐 ， 我們 知道 你 沒 殺 多爾 太太
他 會 原諒 我 嗎 ？,會 原諒 你 的
我 看 我們 還是 先 去 看 他 ， 他 現在 應該 醒 了,好 主意
這件 案子 最 引起 我 興趣 的 就是 那 支槍,槍 ？ 怎麼 會 沒 了 ？
槍 ？ 怎麼 會 沒 了 ？,我 不 認 為 槍 這麼 重要 ， 許多 案子 兇器 常常 不見 了
在 誣陷 別人 的 案子 裡 也 這樣 嗎 ？,不 ， 為 什麼 兇手 在 那 牆上 用血 寫下 了 一個 J ？ 又 拿走 傑 基 的 槍 ？
不 ， 為 什麼 兇手 在 那 牆上 用血 寫下 了 一個 J ？ 又 拿走 傑 基 的 槍 ？,我 明白 你 的 意思
你 還好 吧 ？,好 ， 謝謝
我 剛 才 暈過去 了,吃 點 東西 吧 ， 吃 了 你 就 有 精神 了
不 ， 謝謝 ， 我 吃不下,你 吃不下 ？
那麼 就讓 我 來 吃 ？,你 吃 吧 ， 都 吃 了 吧
簡直 不能 相信 林 內特 死 了,太 不幸 了
我 想 她 一定 要 受 冤枉 了,可 我 知道 她 不會 下 這種 毒手 的
那麼 依 你 看 究竟 會 是 誰 呢 ？,幾乎 誰 都 有 可能
我 來看 看 你 歇 得 好不好 ？,我 好 得 不能 再 好 了 ， 謝謝 你
屍體 是 你 發現 的 ， 你 總 應該 向 我們 提供 一些 情況 吧 ？,對不起 ， 你 … 你 懷疑 我 ？ 一個 正派 的 姑娘 ？
服侍 她 上 了 床 以後 你 去 哪兒 ？,回 我 艙 裡 ， 還 能 去 哪兒 ？
你 沒有 看見 或是 聽見 什麼 可以 提供 給 我們 ？,怎麼 可能 呢 ？ 我 的 客艙 是 在 船 的 另一邊
還要 我 說 什麼 ？,並 沒有 人 懷疑 你 什麼
你 最後 什麼 時候 離開 多爾 太太 的 ？,昨天晚上 ， 我 幫 她 換 好 睡衣 之後
正 因 為 這個 所以 你 非常 恨 她,可 我 沒 殺 她
最後 一個 問題 ， 露易絲 你 太太 的 珍珠 項 鏈 哪兒 去 了 ？,她 的 項 鏈 ？ 她 昨晚 上 還 戴 著 呢
今天 早晨 還 在 嗎 ？,我 沒 看見 ， 我 走 到 她 床 前 ， 看見 太太 ， 我 大叫 起來 就 跑 出來
真夠 熱 的 ， 我 得 去 換件 襯衫,對 ， 稍微 歇會兒 ， 讓 我們 洗洗 換換
沒什麼 ， 我 聽到 了 SOS ， 是 故意 放 的 嗎 ？,當然 是 故意 的 ， 可是 別 想 用 一條 眼鏡蛇 來 阻止 調查
偵查 得 怎麼樣 了 ？ 還 沒 抓住 什麼 人 嗎 ？,還 沒有
我們 一塊兒 坐坐 談談 好 嗎 ？,當然
那麼 你 就 在 多爾 太太 隔壁 吧 ？,是 的
夜 裡 你 聽見 什麼 特別 的 聲音 嗎 ？,當然 聽見 了 ， 我 睡覺 一向 很 警醒 ，
昨天 夜 裡 砰 的 一聲 把 我 驚醒 了,砰 的 一聲 ？
砰 的 一聲 ？,一點 沒錯 ， 就 像是 開 香檳酒 發出 的 聲音
會 不會 是 小 手槍 的 聲音 ？ 不是 開 香檳 ？,很 可能
這 是 你 的 嗎 ， 太太 ？,當然
找到 了 ， 找到 了,太妙了 ， 太妙了
謝謝 ， 喬德里 先生,別 客氣
請問 你 指 的 是 什麼 呢 ， 先生 ？,我 指 的 是 波斯 坦 珍珠 項 鏈 ， 太太
原來 是 多爾 太太 的 ， 可是 被 人 奪去 了,奪去 了 ？
對 這位 老太太 非得 這麼 粗暴 嗎 ？ 你 好像 對 誰 都 懷疑 一番,都 有 道理 的 ， 上校 ， 難道 老太太 就 不會 殺人 了 ？
幹嗎 這麼 急呀 ？,跟 你 說 ， 我 感到 有 不祥之兆 ， 越早 趕到 越 好
跟 我 一塊 來 喝 點 什麼 ？,我 不 喝 ， 謝謝
對 ， 可 誰 會 為 這事 殺人 呢 ？,怎麼 不會 ？
我們 還 沒有 檢查 過 呢,真的 ， 這 就 查
你們 倆 都 給 我 走 吧,如果 我們 打擾 了 你 ， 我們 深感不安
打死 林 內特 的 不是 這種 槍,對 ， 當然 不是
你們 幹什麼 ？,檢查 你 的 私人 文件 ， 先生
檢查 別人 的 東西 ， 這 也許 是 巴黎 的 習慣,可是 這兒 是 布魯塞爾 ， 先生 ！
你們 沒有 權力 到 我 的 艙 裡 來 ， 沒有 權力 ！,我們 有 權力
這 跟 我 的 文件 沒有 任何 關 系,恰恰相反 ， 它 證實 了 僅管 多爾 太太 已經 結婚 ， 你 還 企圖 控制 她 所有 的 財產
你 能 安排 我 見見 他 嗎 ？ 只要 五分鐘 ， 可以 嗎 ？,有 什麼 不 可以 呢 ？
那 又 怎麼 ？ 可 這 並 不 犯法,你們 詐騙 委託人 就是 犯法
她 的 事務 井井有條,但願 真的 如此
你 按 不到 我 身上 ， 滾出去 ！ 我 聽 夠 了 你 這些 廢話 ！,總有一天 ， 你 不得不 從 檢察官 口 裡 聽到 更 多 的 像 我 這樣 的 廢話
啊 ， 很 好 ， 體溫 下降 了,太好了
你 怎麼樣 啊 ， 我 親愛 的 ？,不好 ， 波 洛 先生 ， 我心 裡 很 難過
我 沒有 殺 她 ， 我 發誓,你 不必 說 了 ， 我 知道
傑 基 小姐 ， 現在 可以 見 他,謝謝
昨晚 我 瘋 了 ， 差點兒 打死 你,靠 那 支 小小的 玩具 手槍 ？
這 腿 還 能 走路 嗎 ？,你 別傻了 ， 一 取出 子彈 我 就 完全 好 了
賽 蒙 ， 我心 裡 很 難過,別難過 ， 你 不必 掛 在 心上
跟 我 一塊兒 喝 點 吧 ？,不了 ， 謝謝
晚上 好,晚上 好
請 貝斯 納 大夫,是 ， 先生
你 看 這 是 什麼 ？,鈔票 ， 像是 一張 1000 法郎 的
這 對 我們 有 什麼 用 ？ 兩個 女人 誰 殺 的 我們 還是 不 知道,不 ， 這話 不 完全 對 ， 要 知道 你 跟 我 全都 弄錯 了 ， 該 知道 的 我們 幾乎 全都 知道 了 ， 不 知道 的 是 那些 我們 認 為 不可思議 的
把 屍體 抬 到 冷藏室 去,是 ， 先生
多爾 先生 ， 我 知道 誰 殺 了 露易絲,什麼 ？ 你 說 你 知道 誰 殺 了 露易絲 ？
我 必須 立刻 跟 你們 還有 大夫 談一談,我 要是 你 我 就 不 進去 ， 大夫 正 發火 呢
你 一定 是 瘋 了,不 ， 我 沒 瘋
你 明白 了 ？,我 得 承認 我 可是 一點 不 明白
我 不許 你 來 這兒,可 我 必須 來 ， 這 太 重要 了
我 不 願意 當 著 他 的 面 說,那 你 就 乾脆 別說 了
我 知道 是 誰 殺死 露易絲 的 ， 我 親眼看見 的,請 說 下去 ， 太太
你 當時 是 朦朦朧朧 看見 的 嘍 ？,嗯 ， 是 朦朦朧朧 的 ， 但是 我 的 視力 特別 好
她 為 什麼 對 我們 說 著 這話 ？,是 暗示
可 幹嘛 要 暗示 我們 ？,她 知道 兇手 是 誰
這 是 貼近 她 的 頭部 開 的 槍 ？,一點 不錯
我愛你,我 知道
對 ， 可 你 還是 沒 懂 我 的 意思,很 抱歉
你 跟 他 本來 是 情人,現在 仍然 是 情人
這 不是 真的 ， 不是 的 ！,這 是 真的 ， 何必 要 抵賴 呢
你 是 有 一點 怪 我 ， 是 嗎 ？,是 的
我們 剛剛 訂 了 婚,恭喜 你 了 ， 小姐
這個 地方 快要 像 個 殯儀館 了,天 哪 ， 沒多久 你 也 該 去 那兒 了
謝謝 ， 再見 了,再見 ， 祝你好運
你 需要 去 散散心 避 避暑,剛 才 我 才 想到 要 去 戈壁灘 玩玩
要 不要 我 來 開 啊 ！ 好 嗎 ？,好 啊
那 他們 見到 了 什麼 嗎 ？,他們 不 認識 這個 女孩 ， 沒有 見 過 這輛 車 ， 一無所獲
我們 在 開車 回家 的 路上,在 回家 的 路上 ， 沒有 錯 ， 是 在 回家 的 路上
那麼 ， 我們 怎麼 才能 救出 那個 舊 旅館 裡 的 那些 姑娘 呢 ？,你 不 可能 的 ， 無論 你 做 什麼 她們 都 是 死 的
那 我 就 不 明白 了 ， 如果 我們 不能 救出 她們 ， 那 我們 測試 的 目的 又 是 什麼 ？,目的 就是 要 習慣 這些
我 五分鐘 之內 就 可以 搞 到 她 的 電話號碼,我 只要 兩分鐘 就 夠 了
說話算數 啊 ， 我 賭 20 美元,20 元 不少 啊
嗨 ， 我 想 我 認識 你 ， 對 吧 ？,你 是 . . . 啊 . . . 吉 爾 ， 對 吧 ？
你 胡扯 什麼 ？,你 不會 明白 的
對不起 ， 我 看到 了,別 太 擔心 ， 沒有 什麼 大不了 的
路過 他 的 辦公室 時 ， 桌子 上 有些 推薦信,我 看 了
他 要 加入 這個 團隊 嗎 ？,他 只是 來 觀察 的 ， 並 不 參與 其中
對 他 友善 點 ， 就 像 對待 我 的 屁股 一樣 ， 無意 冒犯 ， 探長 先生,沒有 關係 ， 我 就 當 沒有 聽到
事情 並 不 總是 這麼 完美,能 聽到 你 也 這麼 說 ， 真 好 ， 長官
我 把 要點 說 清楚 了 嗎 ， 探長 先生 ？,基本上 是 這樣 的
別 擔心 ， 在 內心 裡 他 是 百分之百 的 美國 人 ， 對 嗎 ？,絕對 的 美國 人 ， 像 判 了 死刑 一樣
噢 ， 還有 另外 一個 人 很快 就 會 過來,會 是 誰 ？
嘿 ， 哈里斯 ， 無論 你 設置 了 什麼樣 噁心 與 複雜 的 犯罪 景象 ， 我 都 會 破案 的,希望 如此
這些 罐子 是 作 什麼 的 ？,也許 是 用來 模擬 軍事 目標 的 ， 總之 來說 ， 都 是 用作 軍事 用途 的 ， 別碰 就是 了
嗯 ， 探長 先生 ， 你 來 這個 像 天堂 一樣 的 小島 的 真正 的 目的 是 什麼 呢 ？,與 你 一樣 ， 被 推薦 來 的
為 什麼 呢 ？ 我 的 意思 是 你 放走 了 兇手 ？ 還是 在 哪 方面 失敗 了 ？,到底 是 為 什麼 呢 ？
你 不會 對 我 的 故事 感興趣 的,實際上 我 想 知道
我 是 餵鴨 子 來 的,我 見到 你 也 在 餵鴨 子 ， 也許 我們 可以 一塊 餵
不 ， 不 ， 沒有 關係,好 的
我 不 吸 煙,我 知道
嘿 ， 文 斯 ， 你 去 查看 一下 小鎮 的 那 一邊,好 ， 好 ， 好
探長 ， 我們 一起 找 ？,你 自己 找 吧 ， 我 在 度假
我 想 你 偏離 了 工作 方向,可能 吧
我 想 知道 它 是 怎麼 他媽的 到 這 裡 的,我 說 問題 的 關鍵 是 它 為 什麼 在 這 裡
這 應該 意味著 什麼 ？,那麼 ， 這 是不是 意味著 某種 警告 ？
你 知道 我 恨 你 什麼 嗎 ？,什麼 ？
莎拉 ， 為 什麼 你 不 檢查一下 那個 受害人 ？,好 的
為 什麼 你 不 去 查看 一下 僱員 記錄 ？ 或者 流水 賬目 ， 看看 誰 在 這 裡 買 過 東西 ， 誰 在 這 裡 工作 ， 諸如此類,讓 我 來 做 個 徹底 的 搜查 ， 找出 時間 線索
你 能 不能 把 這些 都 記下來 ？,當然 可以
我 的 腿,不 ， 別動 它
快 救 我,快 離開 ， 不然 會 倒 在 你 身上
讓 我們 談談 這個 還有 哈里斯 吧,不會 是 哈里斯 幹 的
你 不 應該 帶 武器 的,我 很 高興 我 帶來 了
我們 是 不 應該 帶 武器 的,我 從來 是 槍 不 離身 的
你 沒有 事 吧 ？,是 的 ， 我 告訴 你 了 我 沒有 事
是 的 ， 我 告訴 你 了 我 沒有 事,是 的 ， 我 知道 你 告訴 過 我 ， 但是 當 人們 問 我 有沒有 事 的 時候 ， 我會 說 都 沒有 事
那麼 我 是不是 可以 問 些 別的 問題 ？,無論 什麼 都 可以
因 為 敵人 可能 就 在 身邊 ， 你 是不是 有 什麼 事 瞞 著 我 ？,沒有
我們 知道 在 島上 有 個 殺手 ， 是 一個 知道 我們 是 什麼 人 ， 我們 來 這兒 做 什麼 的 人,這 就是 問題所在 ， 除了 我們 之外 沒有 別的 人 在 島上
你 要 往 哪兒 跑 ？,嗨 ， 夥計 ， 我 可以 解釋
這間 房間 從 什麼 時候 開始 是 安全 的 ？,從 我們 全都 在 這間 房間 裡 開始
住嘴,聽 著 ， 我 可以 解釋
聽 著 ， 我 可以 解釋,我 說 住嘴
你 不 知道 我 是 誰,我 知道 你 殺 了 J . D ， 這 就是 我 所 知道 的
我 想 知道 下 一個 陷阱 是 什麼 ， 現在 就 想 知道,我 不能 告訴 你 ， 因 為 我 不 知道
你 從 到 這兒 以來 一直 在 說謊,那 也 不能 證明 我 是 兇手 啊
如果 你 不 告訴 我們 真相 ， 你 將 永遠 不能 離開 這個 房間 ， 現在 開 口說 吧,好 的
僅僅 談話 ， 也許 並 不足以 解決問題,聽 著 ， 他們 採取 這種 方式 一定 有 其 原因 ， 不是 嗎 ？
你們 可以 用 測謊儀 來 測試 我 ， 快 測 啊,他 在 說謊 ， 看 他 的 眼睛
我 不是 個 有 暴力 傾向 的 人,那 你 就 快要 真正 的 認識 你 自己 ， 知道 自己 是 怎麼回事 了
六點 ， 我們 兩個 中 有 一個 會 死,我 知道 ， 那 是 你
我 也 去 與 你 一塊 搜查,你 不想 這麼 做 的 ， 夥計
有人 知道 嗎 ？ 我們 在 這 裡 思考 的 所有人 ？,就 這麼 簡單 ， 都 是 他媽的 該死 的 數字
什麼 ？,那 是 什麼 ？
你 就 在 那邊 上 ， 你 能 摸 著 嗎 ？ 相信 我 ， 在 那個 儲藏室 有 個 電源 控制箱,聽 著 ， 我 能
你 沒有 事 吧 ？,是 啊
你 確定 嗎 ？,對
一般 人 要 學 幾年 的 相關 專業課 才 行,沒錯
看 著 我 ， 看 著 我 ， 看 著 我,說 的 都 是 我 ， 嗯 ？
你 知道 這個 故事 讓 我 很 不安,如果 我 不 知道 會 令 你 更加 不安
槍 放在 桌子 上 ， 所有 的 人,我 不會 交出 我 的 槍 的 ， 我 從來 都 槍 不 離身 的
檢測 一定 是 什麼 地方 搞錯 了,我 不會 跟 你 廢話
開始 吧,等等
她 想要 我們 都 死於 水下,真 殘忍
你 走出 那個 門 ， 你 就 別 再 回來 了,我 為 什麼 要 回來 ？
如果 他 發現 他 的 訓練項目 會 被 取消 又 會 如何 ？,不 ， 不 ， 沒有 可能
我們 每個 人 都 會 幾招,也許 她 也 會 這 幾招
我 不 相信 她,你們 我 誰 都 不 相信
剩下 的 會 是 誰 ？,剩下 的 是 最後 一個 還 站 著 的 男人
你 參加 FBI 就是 為 了 這個 ？,沒錯
最後 一個 問題,什麼 時候 情勢 算是 安全 了 ， 探員 ？
史 達 琳 ， 克勞 福 要 見 你,謝謝
找 克勞 福 嗎 ？ 他 快 回來 了 ， 在 他 的 辦公室 等 一會 吧,好 的
你 的 導師 說 你 是 班 裡 的 高材生,希望 是 吧 ， 他們 還 沒有 公 佈 成績
坐下,是 ， 長官
它 說 你 畢業 後 ， 想 在 行 為 科學 組 替 我 工作,是 的 ， 我 很 想
我們 正在 訪問 被 囚禁 的 連環 殺手 ， 作 變態 行 為 的 分析 ， 對 一些 懸案 會 有 很大 幫助,喔 喔
你 會 否 很 易 受驚 ？,不會
我們 最 想見 的 那個 人 拒絕 合作 ， 我 想 你 去 精神病院 找 他,那 人 是 誰 ？
但 無論如何 我們 都 得 嘗試,若 他 不 合作 ， 我 要 如實 報告
他 的 容貌 和 監獄 裡 的 狀況 如何 ？,這 是 萊克 特 的 檔案
週三 早上 8 點 把 你 的 報告 交給 我,好 的
對不起 ， 為 何 這樣 急 ？,萊克 特 已經 坐牢 很多年 了
他 和 野牛 比爾 是否 有關 連 ？,但願 有 ， 我 要 你 非常 留意
執行 你 的 任務 ， 但 千萬別 忘記 他 的 身份,是 什麼 ？
你 會 在 巴爾的摩 過夜 嗎 ？ 如果 你 有 適當 的 嚮導 ， 這 可是 個 很 好玩 的 城市,我 肯定 ， 這 是 個 了不起 的 城市
但 我 要 見 萊克 特 醫生 ， 下午 還要 回去 報告,是 的 ， 那 我們 快點 吧
克勞 福 真是 聰明 ， 他 利用 你,什麼 意思 ？
什麼 意思 ？,找 個 漂亮 的 女人 來 引誘 他 ， 我 相信 這 8 年來 萊克 特 都 沒 見 過 女人 ， 而 你 正 合 他 的 胃口
不可 接受 他 給 你 的 東西 ， 明白 嗎 ？,明白
你 若 在 我 辦公室 時 提 出來 ， 就 可 省掉 我 的 時間 了,是 的 ， 但 我會 錯過 與 你 同行 的 樂趣
若 我 單獨 去 的話 ， 我們 運氣 可能 會 好 點,你 認 為 如何 ？
你好 ， 我 是 巴 尼 ， 他 說 過 了 ， 不要 走近 那 塊 玻璃,對 ， 他 說 過 了 ， 我 是 克麗絲 · 史 達 琳
他 在 最 盡頭 的 那個 牢房,好 的 ， 謝謝 你
靠右走 吧 我 放 了 一張 椅子 給 你,很 好 ， 謝謝 你
你 是 克勞 福 的 人 ， 是 嗎 ？,是 的
可否 看看 你 的 證件 ？,當然 可以
一周 後 就 到期 了 ， 你 不是 真的 聯邦調查局 探員 吧 ？,我 仍 在 受訓
克勞 福 派 個 見習生 來見 我 ？,是 的 ， 我 是 個 學生 ， 我 是 來 向 你 學習 的 ， 也許 你 可以 決定 ， 我 是否 夠 資格 這樣 做
那些 細節 都 是 來自 記憶 嗎 ？,史 達 琳 探員 ， 我 只有 記憶 ， 沒有 景觀
至於 你 這份 拙劣 的 問卷 ， 就 不行 了,我 只是 要求 你 看看 它 ， 做 不 做 隨便 你
他 一定 很 忙 了,忙於 追捕 那個 新手 野牛 比爾 吧 ？
你 可 知道 ， 為 何 他 被 稱 為 野牛 比爾 ？,請 告訴 我 ， 報紙 上 沒有 說
你 以 為 憑 這份 拙劣 的 東西 ， 便 可 分析 我 ？,不是 ， 我 相信 你 的 學識
那 做 這個 測驗 吧,不 做 ， 但 我會 令 你 開心
我會 給 你 一個 大好機會,什麼 ？
爸爸 ， 你 有 沒 抓 到 壞人 ？,沒有 ， 他們 跑掉 了
轉過身 來 ， 把 雙手 放在 後面,好 的
邁克 斯 死 了,怎麼 會 ？
你 的 電話 ， 是 教官,謝謝
但 你 提到 莫 菲 ， 有 後續 行動 嗎 ？,他 在 被捕 前 ， 把 大部分 病人 的 病歷 銷 毀 了
我 不 知道 對 這件 事 該 有何感想,你 不用 感想 什麼 ， 萊克 特 這樣 做 只是 為 了 自娛
自從 1980 年 就 沒 人 來 過 ？,據我所知 ， 沒有
要 幫忙 嗎 ？,好 的
我 的 顧客 都 很 重視 隱私權,我 答應 不會 擾亂 任何 東西
為 何 你 不問 我 ， 關於 野牛 比爾 的 事 ？,你 知道 他 的 事 ？
沒有 大礙 ， 只是 皮 外傷,謝謝
若 你 沒有 殺 他 ， 那 是 誰 殺 ？,誰知 道 ？ 對 他 來說 是 件 好事
賴 普 是 個 異性 裝扮 癖好 者 ？,生活 上 ？ 不是 ， 只是 普通 的 躁狂 抑鬱
你 看到 他 時 ， 有 何 感覺 ？,初時 很 害怕 ， 後來 便 很 振奮
克勞 福 在 提拔 你 ， 是 嗎 ？,看來 你們 互相 傾慕 呢
你 認 為 克勞 福 對 你 有 遐想 嗎 ？,我 從沒 想 過
跟 你 做愛 ？,我 沒 興趣 ， 這 是 邁克 斯 會 說 的 那種 話
要 我 幫忙 嗎 ？,可以 嗎 ？
當然 可以,謝謝 你
可以 嗎 ？,當然 可以
不用 客氣 ， 你 好像 是 傷殘 人士,是 的 ， 我 搬 到 這 裡 但 搬 不 上 貨車
來 吧 ， 抓 著 ， 上,好 的
你 上車 ， 我 想 把 它 推進 去,真的 很 謝謝 你
行 了 嗎 ？,行 了 ， 很 好
我們 會 跟 克勞 福 一起 去,去 哪 裡 ？
史 達 琳 ， 仔細 看看 ， 告訴 我 你 有 何 發現,他 是 個 白種 男人
他 不是 個 流浪者 ， 他 有 自己 的 獨立 房子,為 何 ？
為 何 ？,他 下毒手 時 ， 需要 私人 地方
不錯 ， 有 問題 嗎 ？,有 的
什麼 ？,對不起
謝謝,謝謝
你 還 觀察 到 什麼 ？,她 不是 當地人
瑞 ， 替 她 的 牙齒 拍照 ， 稍後 傳真 到 失蹤人口 組,好 的
那 是 什麼 ？ 豆莢 嗎 ？,不 ， 是 一 隻 蟲 繭
幫幫我,好 的
你 看 這些 是 什麼 ？,跟 其他 死者 的 形狀 不同 ， 拍 幾張 大特寫
探員 們 想 看 你 怎樣 應付 ， 很 要緊 的,我 明白 了
那 令 你 很 氣惱 吧 ？,那 只是 個 煙幕 ， 我 要 打發 他 走
不 公平 ， 你 用 食物 引誘 它,真 無賴 ， 仍然 是 輪 到 我
若 那 只 甲蟲 推動 你 的 棋子 ， 也 算數 嗎 ？,當然 算數 ， 你 怎麼 玩 的 ？
這 東西 從 哪 來 的 ？ 它 黏糊糊 的,在 一個 被 殺死 者 身上 找到 的 ， 屍體 在 埃 爾克 河 裡
是 野牛 比爾 幹 的 嗎 ？,我 不能 透露
史 達 琳 探員 ， 你 不 查案 時會 做 什麼 ？,做 個 學生
博士 ， 你 是否 對 我 有意 ？,是 的
找到 了,你 找到 什麼 ？
認識 它 的 人 ， 多 叫 它 做 骷髏 飛蛾,它 從 哪 裡 來 ？
他 是 我 的 病人 ， 我 有 知情權,我 明白
請 你 跟 他 談 ， 或 讓 我 執行 任務 ， 明白 嗎 ？,如果 你 的 分析 ， 能 幫助 我們 抓 到 野牛 比爾 ， 及時 救出 凱瑟琳 馬丁 ， 參議員 答應 把 你 轉送 到 位於 紐約 奧尼達 公園 ， 可 看到 附近 園林 景色 的 醫院
好 嗎 ？ 克麗絲 ， 可憐 的 凱瑟琳 在 等 著,好 吧
你 最糟 的 童年 記憶 是 什麼 ？,家父 去世
談談 西 維州 小姐 吧 ， 她 是否 身材 肥大 ？,是 的
你 有 捉拿 到 他 的 本領 ， 知道 嗎 ？,不 知道 ， 為 何 ？
還有 什麼 線索 ？,她 的 喉嚨 被 異物 塞住
一 隻 蝴蝶 ？,是 的 ， 一 隻 飛蛾
你 父親 被 殺 後 你 成 了 孤兒 ， 後來 怎樣 ？,我 去 了 蒙大拿州 ， 跟 我 母親 的 表妹 夫婦 同 住
他們 有 一個 牧場,牧牛 場 ？
你 在 那 裡 住 了 多久 ？,兩個 月
為 何 時間 這麼 短 ？,我 跑掉 了
我 做 吧,好 的
你 仍 以 為 可 在 沙灘 漫步 和 看 鳥兒 嗎 ？,不會 了
她 沒 聽 過 跟 你 有 任何 協議,他們 騙 你
傑克 ， 漢 內 堡 萊克 特 正 被 轉送 往 孟斐斯 途中,轉送 ？
你 可 有 個 見習生 ， 冒 參議員 之 名 向 萊克 特 提出 一個 虛假 建議 ？,是 我 的 主意 ， 我 逼不得已
我 帶 了 一份 宣誓書 ， 保證 你 新 的 權利,在 我 簽署 前 要 看看 的
你 有沒有 給 她 餵奶 ？,我 有 的
令 你 的 乳頭 變得 堅挺 ， 是 嗎 ？,你 這個 混蛋
告訴 我 ， 媽媽 ， 當 你 的 小女兒 被 殺 時 ， 你 會 感到 振奮 ？,把 這個 畜生 帶回 巴爾的摩
若 我 再 想起 什麼 ， 我會 通知 你 的,好 的 ， 謝謝 你
你 的 套裝 很漂亮,謝謝
野牛 比爾 叫 什麼 名字 ？,這 是 目前 有關 當局 的 秘密
小姐 ， 你 知道 規矩 吧 ？,知道 ， 我 以前 盤問 過 他
你 畫 的 ？,是
還是 在 你們 破案 前 ， 克勞 福 派 你 來說 最後 一次 花言巧語 ？,不 ， 是 我 自己 想來 的
你 保重 ， 日後 報答 我 吧,我 不能 作 那個 承諾
你 尋找 的 這個 人 ， 他 做 什麼 ？,殺害 女人
他 主要 是 做 什麼 ？ 他 殺人 是 為 了 滿足 什麼 ？,憤怒 ， 社會 認同 和 性困惑
你 的 眼睛 ， 又 可 有 尋找 你 要 的 東西 ？,有 的 ， 請 你 告訴 我 吧
有 的 ， 請 你 告訴 我 吧,不 ， 輪 到 你 告訴 我 了
你 可 有 感到 一些 眼睛 在 盯 著 你 ？,有 的
我 聽到 一種 奇怪 的 聲音,是 什麼 ？
你 怎麼 做 ？,我 下樓 ， 走出 屋外
你 在 何時 出發 ？,很早 ， 天 還 沒亮
有 東西 吵醒 你 ， 是不是 一個 夢 ？,是 尖叫聲 ， 像 小孩 的 尖叫聲
給 我 兩分鐘 時間 穿衣服,好 的
我 現在 只 知道 一件 事,什麼
你 和 死者 為 什麼 會 在 那 家 酒店,我們 是 被 要脅 才 去 的
為 什麼 是 這家 離 你 住處 300 公里 遠 的 酒店,不 知道
把 你們 叫 到 那麼 偏遠 的 地方 不 覺得 奇怪 嗎,這 有 關係 嗎
醒 後 最先 是 什麼 情況 記得 嗎,有 敲門聲
我 告訴 你 這 是 場 陰謀 你 會 怎麼 想,我 跟 你 說 了 怎麼回事 你 還要 我 說 什麼
談 得 不 順利,我們 沒 達成 共識
幾點 了,快 六點 了
導航 上 不是 這個 方向,往 這條 路 開 更 快
要 我 開 嗎,來 開 吧
我 總 在 撒謊,你 和 我 在 一起 時 就 不會
但 你 和 我 在 一起 很 開心 對 嗎,我 喜歡 我們 在 一起 的 感覺
你 想 離開 索尼婭,不想
你 沒事 嗎,應該 沒事
你 在 幹嘛,我 在 報警
這 裡 出 了 什麼 事,我 開車 分心 撞 到 了 他 的 車
要 我 叫 救護車 嗎,不用 沒事 謝謝
他 要是 看到 了 車 裡 的 人 呢,得 把 人 帶走
我 要 怎麼 做,不 知道
你 怎麼 處理 那輛車 的,我 把 它 沉 了
後來 發生 了 什麼 事,我 用 我 的 預付費 電話卡 聯繫 了 羅拉 跟 她 說 我 在 哪
怎麼 了,我 的 車 壞 了
一切 都 好 嗎,撞 到 一頭 鹿 不過 我 沒事 謝謝
你 是 做 什麼 的,我 是 開 書店 的
你 還 沒 告訴 我 你 的 名字,拉 奎爾
你 的 航班 是 幾點 的,我 正 想 打電話 跟 你 說 我 趕不上 了
你 趕不上 是 出 什麼 事 了 嗎,沒有 只是 引擎 出 了 問題
我愛你,我 也 愛 你
你 受傷 了 嗎 你 的 手腕 上 有 血,可能 是 鹿 身上 的
讓 我 看看 會 不會 被 感染,不用 了 我 沒 受傷
你 要 喝咖啡 嗎,好 的
進來 吧,不了 我 就 在 這 等
你 還好 嗎,我 沒事 謝謝
你 真的 什麼 都 不想 吃 嗎,不用 了 謝謝
你 有 孩子 嗎,沒有 沒有
留下 吃晚飯 嗎,已經 很 晚 了 我 得 走 了 抱歉
你 在 這 裡 有 聽到 電話 鈴聲 嗎,沒
奇怪 他 出門 從不 會 不 帶 手機,他 大概 忘記 帶 了
菲利克斯 你 在 哪,我 剛 下 飛機 在 畢爾巴鄂 的 機場
他 說 了 什麼,一切都在 控制 之中 不要 擔心
據 報告 來看 你 沒有 停 車票 能 證明 那輛車 在 那 停放 過,我 弄 丟了 我 是 放 口袋 裡 的 可能 在 我 走路 時 掉 了 出來
你 跟 那 起 男孩 失蹤案 有關 嗎,怎麼 說
我 還有 一件 事 要 你 幫忙,什麼
你 在 哪 給 我 打電話,電話亭
在 有 監視器 的 地方 打電話 很 不明智 啊,我 知道 我 當時 很 緊張
那 你 什麼 時候 打 的,我 意識 到 她 會 不擇手段 的 時候
準備 好 出海 遊玩 了 嗎,我 剛 接到 個 重要 電話 我 要 去 跟 李先生 會面
這 是 什麼,那個 男孩 的 錢包
你 感覺 怎麼樣,非常高興
有名 記者 堅持 要 見 你 他 說 他 認識 你,好 的
你 知道 我 是 誰 嗎,我 只 知道 你 不是 伊凡 · 索 托
她 不是 一個 人 肯定 有人 和 她 同行,你 怎麼 確定 呢
先生 請 跟 我們 走,別碰 我
這些 會 讓 你 想到 什麼,讓 我 想到 那 家 酒店 的 謎團
出於 什麼 目的 呢,為 了 勒索 我們
我 預定 了 715 號房,好 的 是 叫 阿德里安 · 多 里 亞 嗎
你 要 我 找 什麼,細節
晚安,晚安
哪 裡 的 聲響,715 號房
有關 控方 證人,我們 還 不 知道 名字 但 我們 知道 是 誰 了
我們 得 快點 想 辦法,我 想 我 完蛋 了
你 為 什麼 不 說出 真相,因 為 對於 湯瑪斯 · 加里 多 不留 蹤跡 地 消失 一事 我 想 聽聽 你 的 說法
那 為 什麼 要 等 我 跟 你 說 呢,為 確保 我 能 把 我 的 人生 委託 到 你 手上
你 把 車 沉 哪 了,我 在 這 裡 把 車 推 下水 的
四 小時 後 在 廢 車場 旁邊 的 咖啡店 碰面,好 的
你 沒法 證明 不是,你 也 沒法 證明 是
你 在 幹嘛,我 在 報警
你 瘋 了 嗎,沒有
如果 蘿 拉 對 他們 坦白 了 一切 他們 為 什麼 不 去 報警,因 為 他們 知道 你 為 了 逃避 罪責 絕不會 說出 他們 兒子 的 屍體 在 哪
你 的 推測 毫無根據,湯瑪斯 有的是 根據
那 就 向 我 承認 你 殺 了 蘿 拉,我 承認
你 有 咖啡 嗎,有
我們 很 需要 咖啡 今晚 將 是 漫漫長夜,好 的
我們 可以 信任 他 嗎,絕對 可以
我 手機 關機 了 有 什麼 事,我 找到 他 了 能 說 你 當時 不在 那
控方 的 事 怎麼樣 了,沒事 別 擔心
絲 隆 小姐 請 描述 妳 的 工作 性質,依照 律師 建議 根據 美國 憲法 第五 修正案 賦予 的 權利 恕 我 拒絕 回答
妳 願意 發誓 所說 一切 句句 屬實 不然 就是 觸犯 偽 證 罪,我 願意
請說出 全名 以便 記錄,麥 德 琳 伊莉莎白 絲 隆
妳在 柯 式 企業 工作 性質 是 什麼,我 拒絕 回答
今天 值得紀念 妳 知道 為 什麼 嗎,因 為 我 自由 了
說 件 妳 昨天 不能 做 但 今天 能 做 的 事,辭職
妳 打算 怎麼辦,叫 印尼政府 說 他們 要 招待 傑克 參議員 去 他們 的 農園 旅遊
如果 是 印尼政府 出錢 那 就 會 犯法,若 是 透過 非營利 組織 贊助 就 完全 合法
預計 會 有 多少 人,500 到 1000 人
意思 是 可能 沒 人 到,至少 會 有 500 人 其他 要 看 天氣
你 剛 從 女廁 出來 嗎,我 不 知道 妳在 講 什麼
蛋糕 和 餅乾 都 有 銷售稅 嗎,不 知道
大家 聽 好 了 我 要說 一個 故事,拜託 不要
你們 之前 沒 見過面,我們 去過 數個 相同 聚會 但 一直 不 認識 彼此
我們 的 現狀 仍 是 需要 吸引 更 多 女性 選票,明白 了
妳 痛恨 政府 管 這 瑣碎 事,我 不會 把 槍枝 法 視 為 瑣碎 小事
我 只 為 相信 的 事物 工作 所以 我 晚上 睡 得 著 覺,妳 晚上 根本 不 睡覺
是否 感到 昏眩,沒有
妳 都 幾點 睡覺,不 一定 但 我 睡眠 充足
妳 到底 有沒有 睡覺,這陣子 很 忙
你 剛 打 給 我 時 打 哪個 號碼,市內電話
想 佔用 妳 五分鐘 時間,好 走 到 我 車 要 三分鐘 說 重點
妳 認識 他們 的 執行長 嗎,沒 聽 過
現在 是 怎麼回事,妳 支持 希 頓 哈里斯 要 嚴控 槍枝
妳 的 車 在 哪兒,現在 應該 到 門口 我 不 開車 的
這 可以 嗎,可以
怎 有人 把 巧克力 蛋糕 當 早餐,馬 芬 而已 啦
誰 要 跟我走 ？,我 跟 妳 走
你 有 幾支 T9 手槍,足夠 保護 我 的 財產
我 只有 算 到 五個,妳 的 數學 不行
誰 說 我 要 跟 妳 去,我 說 的
如果 我 想 留下 呢,拜託 ， 現在 不是 耍 幽默 的 時候
直接 進入 重點 吧,好
什麼 時候 的 事 ？,剛 收到 的 消息
早安,早安
姓名 和 年資 ？,愛 絲 美 瑪 紐 加 瑞 ， 九年
布雷 迪 在 選戰 上 每 花 一塊錢 ， 而 槍枝 支持 方 花 多少 嗎 ？,38 塊錢
我們 要 怎麼 贏 ？,得 建立 我們 自己 的 支持者
什麼 最 能 看出 投票者 意願 ？,就是 錢
妳 沒 開車 嗎 ？,我會 開 但 我 不 開
妳 的 藉口 是 ？,老 實說 我 技術 超 爛
妳有 認識 的 人 是 槍枝 受害者 ？,沒有 ， 為 何 大家 都 這樣 想 ？
妳 每晚 都 在 這 裡 吃 ？,差不多 ， 這 裡 從不 打烊
妳 怎麼 不會 厭倦 ？,這 是 生活必需 啊
若 妳 公開 會 攸關 我們 輸贏 呢 ？,如果 對 我 一視同仁 ， 我會 很 感激
還有 誰知 道 ？,羅 道夫 ， 沒 人 知道 了
誰 會 去 那個 醫學 會議 ？,華 勒斯 議員
醫生 沒 時間 玩 社交 軟體 合理 嗎 ？,值班 15 小時 後 ， 很 正常 吧
你 知道 什麼 是 肺 呼吸 學 嗎 ？,知道 ， 就是 肺 的 相關 研究
肺 並 不 對稱 ， 右肺 有 三片 肺葉 ， 左邊 兩片 ， 你 知道 為 什麼 嗎 ？,心 臟 想要 多一點 空間 ？
可以 跟 我 說 溫 蒂 的 來頭 嗎 ？,當然 可以
什麼 意思 ？,意思 就是 該 改用 B 計 畫
他 還 可以 帶來 誰 的 票 ？,法西 泰利 和 賈 西亞
要 去 那 間 新 餐廳 嗎 ？,我們 去 紐約大學 法學院
修正案 的 辯論會 如何 ？,不要 大聲 張揚
為 什麼 不 直接 再 活 一次 ？,那 不 適合 我
妳 後悔 過 嗎 ？,完全 沒有
妳 該 不會 用 取代 鍵 ， 在 谷 歌 留下 漏洞 ， 讓 他們 認真 調查 就 發現 吧 ？,我 的確 用 取代 鍵
我 要 妳在 農協 晚宴 上台 說話,等等 ， 這 是 大事
我 不 習慣 面對 聚光燈 和 媒體,那 就 趕快 習慣 ， 木已成舟 了
我 需要 聊天 主題,什麼 意思 ？
妳 還 外包 找 人 想 應酬 話題 ？,對 啊 ， 興趣 、 嗜好 、 小孩 ！
要 討好 一個 父親 的 最好 方式 ， 就是說 他 的 小孩 有 多 可愛,了解
捐 這麼 大 款項 ， 為 什麼 要 匿名 ？,理由 很 明顯
我們 晚點 說,在 辦公室 裡 說 嗎 ？
妳 到底 在 想 什麼 ？,你 最好 別 打擾 我 工作
第二 修正案 就 會 賦予 我們 隨身攜帶 棒球 棍 的 權利 ？,不 ， 那 是 你 要 對 藍 狗 聯盟 那 群 保守 民主黨 朋友 說 的
你 看過 我 的 支持率 嗎 ？,他 不會 跟 你 競爭 ， 他 會 跟 你 的 兒子 競爭
我 就 不能 有 社交生活 嗎 ？,我 不 知道 妳有 社交生活
他 表示 支持 時 有 錄影 嗎 ？,當然
我們 不 去 佛州,什麼 ？
大家 請 翻 到 第九 頁,我 的 第九 頁 沒 東西
早安,請 坐
被 跟蹤 了 嗎 ？,很 明顯 是 的
你 願意 發誓 說 的 一切 句句 屬實 ， 不然 就是 犯下 偽 證 罪 嗎 ？,我 願意
你們 一共 多少 人 ？,6 個 ， 4 個 出 外務 了
史 密 特 先生 ， 有 嗎 ？,是 的 ， 參議員 ， 我們 有
你 對此 的 反應 為 何 ？,我 說 這 讓 人 大開眼界 、 足智多謀
知道 被 抓 到 會 變 多 慘 嗎 ？,不會 比 失去 班 利 來得 慘
妳 何時 發現 有 內賊 ？,醫科 募款 晚宴 後
妳 怎麼 知道 是 她 ？,我 不 知道
妳 好 啊 ， 我 是 卡爾 史 奈德 ， 從事 銀行業,不好意思 ， 你 認錯 人 了
妳 何時 開始 打 這 主意 ？,那晚 的 晚餐
妳 還 會 這麼 做 嗎 ？,會 吧
妳 只用 了 三個 月 時間 ？,實際 花 的 時間 更 少
我 怎樣 都 想 不 透 怎麼 有人 可以 想到 這 步,老娘 就是 狠 角色 吧 ！
她 又 會 是 誰 ？,我 從不 透漏 客戶 的 身份
我 寧願 有 正常 生活 也 不要 這個 專長,正常 不 一定 好
為 什麼 ？ 我 做 錯 什麼 ？,沒有 ， 只是 我 的 狀態 不太好
請 離開,隨便 妳
現在 狀況 如何 ？,還 缺 4 張 票 ！
妳 覺得 槍枝 爭論 現在 主要 變成 女性 議題 了 嗎 ？,你 只 需要 看 數據 ， 美國 女性 在 槍枝 安全 議題 有 決定性 的 力量
如果 要 跟 我 會面 ， 為 什麼 只 寄信 ？,因 為 不是 真的 想 跟 妳會 面
妳在 哪兒 ？,快餐店
希望 能 快 發明 食物 藥丸,那 大概 要 等 一陣子
沒關係 ， 我 幫 妳,謝謝
你 拯救 的 那個 人 ， 曾 積極 推動 持槍 的 禁令 ， 你 怎麼 看 ？,我 尊重 ， 但 反對 他們 的 看法
妳有 跟 她 聯絡 嗎 ？,那 是 我 的 私事
妳 對 發生 的 事 有 內疚感 嗎 ？,我 為 什麼 要 內疚 ？
叫 他們 撤掉,可能 會 更糟 的
我 目前 弄錯 了 四個 事實,這樣 不妙
這些 參議員 突然 變 超 忙 ， 還 真巧,我們 都 知道 是 怎麼回事
說 重點 ， 接近 投票 時 情況 會 怎樣 ？,會 很 接近 ， 但 最新 的 預測 結果 是 我們 會 少 4 至 7 票
喂 ？,不好意思 ， 妳 打錯 了
為 什麼 沒 人 查 她 的 檔案 ？,原本 人 很多 ， 但 大家 都 落 跑 了
妳們 查 到 多久 之前 ？,從 最後 一筆 生意 ， 到 她 背叛 我們
那 是 什麼 ？,棉花 糖 蛋糕
我 不能 一邊 支持 又 一邊 要 搞 它,在 不 偏頗 的 原則 下 ， 當然 可以
我 要 妳 退出 選戰,什麼 ？
你 在 胡說 什麼 ？,有 妳在 ， 法案 都 被 模糊 焦點
史 貝 林 有 妳 的 把柄,我 根本 沒 見 過 他 ， 這 是 陷阱
我 說 對 了 嗎 ？,完全 不 對
妳 的 客戶 曾 捐款 給 這 非營利 組織 嗎 ？,不 知道 ， 我 不 清楚 他們 的 捐款 名單
沒有 干預 ？,妳 當然 沒有 干預
妳 看過 那 份 表格 嗎 ？,看過 ， 是 私人 贊助 證明 表
妳 認得 那個 筆跡 嗎 ？,認得
是 妳 的 嗎 ？,是 的
妳 計 畫 用 竊聽 的 方法 使 班 利 參議員 就範 ， 對 嗎 ？,我 的確 想 過 這種 方法 ， 但 從沒 有 付諸實行
為 什麼 呢 ？,史 密 特 先生 明言 禁止
在 妳 的 遊說 生涯 中 是否 經常 運用 諜報 手段 ？,我 沒有
妳 是否 曾 授權 、 命令 或 主導 對 任何人 實行 非法 的 監視 行動 ？,答案 是 沒有
可否 描述 你 的 工作 性質 ？,我 有 很 多種 工作
你 目前 的 主要 收入 來源 是 什麼 ？,我 在 華盛頓 做 伴遊
你 收費 和 女人 睡覺 ？,我 滿足 客戶 的 任何 需求
佛 德 先生 ， 你 見 過 絲 隆 小姐 嗎 ？,見 過
可以 請 你 指出 她 嗎 ？,就 坐在 那兒
你們 是 什麼 關係 ？,我 和 一個 客戶 參加 聚會 ， 我 試 著 要 自我介紹 ， 但 她 不理 我
你 曾 服務 絲 隆 小姐 嗎 ？,沒有 ， 先生
我 想 討論 我 的 未來,現在 時機 不 太 適合
這 他媽的 是 什麼 東西 ？,辭呈
為 什麼 這次 願意 見 我 ？,他們 說 你 要 談 工作 的 事
對 了 ， 你 的 氣色 也 不錯,謝謝
妳 怎麼 會 自己 填表 ？,那 是 讓 他們 上鉤 的 餌
新年快樂,新年快樂
老 實說 現在 我 只 希望 這種 超能力 能 幫 我 找到 個 女朋友,這 可不 容易
可以 幫 我 擦 防曬霜 嗎,當然
蒂姆 可以 幫 我 擦 防曬霜 嗎,可以 等 一會兒
別 老 給 家里 打電話 你 媽 不 喜歡 老 被 人 打擾,好 的 知道 了
我 是 詹姆斯 的 兒子,誰 啊
你好 我 叫 瑪麗,我 叫 蒂姆 其實 我 媽 也 叫 瑪麗
有 東西 碰到 我 手肘 了,放心 不是 我
說實話 你們 倆 誰 更 漂亮,當然 是 我
你 喜歡 凱特 · 摩斯 嗎,我 愛 死 她 了
你好,你好
要是 我 問 你 要 號碼 會 不會 太 唐突 了,不會
我 的 頭 發 呢 是不是 太 棕 了,我 愛 棕色
我 劉海 是 新 剪 的,劉海 很 完美 簡直 是 點睛之筆
我 希望 能 再 見到 你,你 會 的
你 也 知道 我 的 戲 今晚 上演,老天 對 啊 怎樣 了
你好,你好 湯姆 先生 我 是 哈利 的 朋友
請問 你 臺詞 記得 怎樣 了,抱歉 什么 叫 臺詞 記得 怎樣
謝謝 你 來 陪 我 小 凱,反正 也 沒事 做
吉米 呢,又 把 我 甩 了
工作 呢,炒 我 魷魚 了
喝咖啡 嗎,謝謝
我 只 注意 到 照片 中 的 貓 看到 沒,看到 了 真不錯
我 長 得 像 你 媽 嗎,不 像 你 比 她 漂亮 多 了
要 牛奶 嗎,要
男朋友 呢,有 了
我 看上去 不 像 有 男朋友 嗎,不 像
你們 什么 時候 認識 的 什么 時間 點,其實 就是 一周 前
來來 再說 說 你們 美妙 的 初次見面,好 吧
對 喬 開 了 一個 小型 派對,簡直 是 個 煉獄 幸好 魯伯特 救 了 我
這個 糟糕 的 派對 在 哪兒 呢,就 在 我 的 破 公寓 里
那 是 在 哪兒 呢 重點 就 在 這 不是 嗎,西南 五 區 科 菲爾德 花園 26 號
你 是 什么 時候 到 的 是 早 是 晚 魯伯特,準時 到 吧 真愛 在 召喚 呢
你好 我們 認識 嗎,不 不 我 是 瑪麗 的 朋友
我 叫 蒂姆,我 叫 瑪麗
我們 聊聊 凱特 · 摩斯 吧,我 很 喜歡 凱特 · 摩斯
你 是 做 什么 的,我 在 出版社 看書
不是 吧 你 看書 也 能 賺錢,沒錯 我 的 工作 就是 看書
你 是 做 什么 的,我 是 個 律師
陪 我 走 到 車 那兒 去 好 嗎,好 啊 好 的
下次 肯定 會 更好,我 覺得 已經 很 好 了
你 等 我 一下 好 嗎,好 的
你 還 真 懂 內衣 啊,希望 如此
真不錯 有些 人 第一次 搞 得 一團糟,菜鳥 吧
等 我 一下 好 嗎,當然
我 有 個 壞消息,你 要死 了 嗎
什么 時候,現在
他們 知道 我 這個 人 嗎,知道 我 稍微 提 過
對 了 他們 比較 保守 還是 換 條 褲子 吧,好 的
我 要說 我 住 這兒 嗎,絕對 不行
那 能 說 我們 做愛 嗎,可以 但 別說 口交
你 為 什么 覺得 會 說 到 這個,不 知道 如果說 到 了 就 一口 否認
好 準備 好了嗎,好 了
蒂姆 說 說 你 是 哪里 人 哪個 地方 的,他 是 康沃爾 的 那兒 很漂亮
你 是 個 律師 對 嗎,是 的 沒錯 他 從沒 輸 過
我 拿到 兩張 國家 劇院 的 票 明天 的 一起 去 嗎,不 去 了 我 要 睡 一整天
天 哪 是 夏洛特,誰
誰,我 的 初戀
在 哪,那邊 出口 標 志 下面
那個 老 女人 嗎,不 不是 那個 老 女人 那個 金 發 美女
夏洛特,天 哪 蒂姆 見到 你 真 好
我 看見 三年 前 那個 夏天 讓 我 心碎 的 女孩 了,去 打個招呼 吧
去 打個招呼 吧,不 還是 別 找麻煩 了 走 吧
蒂姆 見到 你 真 好,真是 個 驚喜 啊
幫 我 跟 奇巧 帶 個 好 她 好 嗎,她 還 行 其實 她 在 倫敦 也 過 得 不 容易
是 啊 吉米 說 他 有時候 會見 她,是 嗎 從 什么 時候 開始 的
你 想 去 哪,你 喜歡 的 就 行
醒醒 來 聊聊天,干什么
我 有 件 很 重要 的 事 要 問 你,不能 等 明早 嗎
不能 等 明早 嗎,不行
喝茶 嗎,非常 愿意
你 有 什么 缺點 就是 小 弱點,我 非常 沒 安全感
覺得 她 如何,比起 你 我 已經 更 喜歡 她 了
我 不 知道 你 在,我 剛 下來
經過 一點點 考慮 我們 決定 要 結婚,真是 個 好消息
你 要 跟 誰 結婚,跟 瑪麗 那個
你 決定 一件 事 我 就 脫 一件 衣服,好 的 我 了解 了 年輕 的 女士
你 想 在 哪 辦 婚禮,家 我 討厭 別的 地方
應該 找 哪位 神父,得 是 有 一口 黃牙 和 一堆 連 心 眉 的 當地人
蜜月 呢,去 蘇格蘭 住 小 旅館
話 說 奇巧 去 哪 了,不 知道 她 說 3 點 左右 過來
我 妹妹 呢,我 還 以 為 她 在 這 里
怎么 了,我們 吵架 了
小 嬰兒 住 在 這 里 嗎,在 她 可 興奮 了 就 在 樓下
我 必須 去 接 奇巧,我 以 為 她 會 自己 開 過來 呢
她 沒事 吧,再說 吧
我 很 擔心 奇巧,我 知道
我 不能 回到 出生 以前 的 時間 了 是不是,不行 我 應該 跟 你 說 的
考慮一下 約 他 吃晚飯 你 有 時間 嗎,可能 吧 也許 得 先 梳妝打扮 一下
咱 再生 一個 吧,去死吧 不要
好 啦 這件 怎么 樣,很漂亮 任務 完成 很 好
不行 認真 點 挑 這個,我 不 確定 不行 我 不 喜歡
好 吧 那 這件 呢,美極了 就是 它 了
波 絲 哪 去 了,我 讓 她 呆 在 樓下 呢
我 放 手稿 那 屋 的 門 關 了 吧,貌似 沒有
我們 以前 是不是 有 過 這個 對話 了,是 的
然后 發生 了 什么,我 很 難過 我 擁抱 了 你
您 今天 是 在 這兒 吃 還是 帶走,帶走 吧 謝謝
他 跟 你 說 了 什麼 了 ？,他 只是 要 讓 我 看 吉他
你 要 去 哪 ？,我 以 為 妳 說完 了
萬一 我 不是 做 鞋子 的 料 呢 ？,米 高 ， 有 全家人 在 這兒 引導 你
歡迎 回來 ， 有 什麼 要 申報 嗎 ？,吉 拿 棒 ， 我家 人 供奉 的
有 什麼 要 申報 嗎 ？,老 … 老 實說 ， 有 的
這 是 誰 的 靈獸 啊 ？,牠 只是 丹丹
可是 丹丹 又 沒有 毛,我 也 沒有 鼻子 ， 還是 會 過敏
要 解除 家族 的 詛咒 就 得 得到 家人 的 祝福,就 這樣 ？
你 喜歡 德拉古 司 ？,他 跟 我 是 老交情
你 … 你 在 做 什麼 ？,我 在 學 骷髏 走路 ， 免得 穿幫
不 ， 我們 才 不 那樣 走路,你 就是 那樣 走 啊
我會 讓 你 見到 他,怎麼 做 ？
真 … 真正 的 德拉古 司 在 哪 ？,德拉古 司 從不 參加 彩排
我 要 消失 了 ， 海特,我 感覺得到
你 想要 它 ， 就 得 靠 你 的 實力,爭 不過 你 啊
你 要點 歌 嗎 ？,你 … 你 知道 我 的 最愛 ， 海特
等等 ， 怎麼回事 ？,他 被 遺忘 了
那 他 去 哪 了 ？,沒 人 知道
你 … 你 要 演奏 什麼 ？,當然 是 「 勿忘我 」 啦
你 表演 以前 都 這麼 緊張 嗎 ？,不 曉得 ， 我 從來 沒有 表演 過
什麼 ？ 你 不是 說 你 是 音樂 人,我 … 我 是 啊
嘿 ， 你 要 去 哪 裡 呀 ？,我們 得 離開 這 裡
妳 摧毀 我 的 人生,什麼 ？
你 的 表演 真 精彩 喔,你們 也 是
你 … 你 知道 我 ？,所有 的 人 都 在 談論 你 呢
這 … 這 是 哪 裡 來 的 ？,那 是 我 的 可可 太婆
妳在 那 裡 工作 嗎 ？,不 ， 我 是 學生
我 不是 要 侵犯 妳 隱私 但 我 發現 我們 的 RPP 區 一樣,是 嗎 ？
你 的 觀察力 真 驚人,對
RPP 區 是 什麼 ？,住戶 停車 認證 區
妳 把 誓詞 寫 在 菜單 上 嗎 ？,對 ， 怎麼 了 ？
你們 願意 成 為 夫妻 嗎 ？,我 願意
妳 感覺 如何 ？,我 的 頭 好 痛
佩 吉 ， 妳 知道 我 是 誰 吧 ？,知道 ， 你 是 我 的 醫生
你 在 做 什麼 ？,睡覺
我 帶 了 妳 的 衣服,謝謝
我 的 頭髮 很 奇怪,那 只是 妳 個人 的 看法
為 什麼 你 是 我 先生 卻 沒 見 過 我家 人 ？,妳 跟 他們 好幾年 沒 說話 了
我 為 什麼 會 不 跟 家人 說話 ？,那 是 在 我們 交往 以前 發生 的
我們 從來沒 談 過 這件 事 ？,有
我 聽說 妳 終於 要 出院 了,對 ， 我 被 通知 出院 了
我 看起來 好像 怪 咖,我 覺得 妳 很 美
我們 住 哪 裡 ？,在 北區
現在 總統 是 誰 ？,歐 巴馬
能 拜託 你 出去 嗎 ？,佩 吉 ， 我 很 抱歉
這 是 衣櫥 裡 我 唯一 穿 起來 舒服 的,那 其實 是 我 的
你 上班 嗎 ？ 有 工作 嗎 ？,有 ， 如果 還 沒 倒 的話 我 有 一間 錄音室
我 的 日常生活 呢 ？ 我 每天 都 在 做 什麼 ？,妳 起床 後 會 泡 咖啡
我 不是故意 不來 的,我 知道 ， 我 沒生氣
她 還好 嗎 ？,恢復 中
你 三點 半 會 準時 到 ？,你 三點 半 會 準時 到 ？
天 啊 ， 妳 訂婚 了 ！,對 呀
你們 倆 好 配,謝謝 妳 ， 佩 吉
李 歐 ， 你 在 哪 裡 上班 ？,我 剛 在 市中心 開 了 一間 錄音室
那 不是 黛 安 錢 尼 嗎 ？,對 ， 我們 已經 不 一起 玩 了
我 有 把 戒指 還 你 嗎 ？,有
妳在 拼貼 嗎 ？,我會 拼貼 嗎 ？
我 翻 了 一下 你 的 東西 希望 你 不介意,不會 ， 我 的 東西 就是 妳 的
我 想 我 準備 好 去 看 工作室 了 你 能 帶我去 嗎 ？,當然
佩 吉 ， 妳 想 恢復 記憶 嗎 ？,想
媽 ， 妳 聽 電臺 司令 的 歌 嗎 ？,當然 ， 怎麼 不 聽 ？
妳 的 頭髮 看起來 不 一樣 了 妳 很 美,謝謝
妳 最 愛看 什麼 書 ？,是 詹姆士 派 特 森 的 《 沙灘 小屋 》
妳 不 喜歡 嗎 ？,不 喜歡
謝謝 妳 今晚 跟 我 去 約會,我 玩 得 很 開心
妳 跟 傑瑞米 出去 了 嗎 ？,不是
對 她 來說 還是 對 你 ？,對 我們 兩個 都 是
佩 吉 ？,什麼 事 ？
你 真是 個 偽 善者,你 說 什麼 ？
這 不 公平,不 公平 嗎 ？
你 沒事 吧 ？,結束 了 完 了 ， 我 放棄
妳 知道 我 現在 被 背叛 的 感覺 有多深 嗎 ？,很 抱歉 ， 佩 吉
我 能 問 你 一個 問題 嗎 ？,可以 妳 想 問 我 什麼 就 隨時 問
你 知道 我 爸 的 外遇 嗎 ？,我 知道
我 不能 再 失去 他們 了,那 就 別 失去
我 跟 蘿 絲 分手 了 我 提 的 分手 ， 佩 吉,不 ， 你 為 什麼 要 這樣 做 ？
我 以 為 你們 要 訂婚 了 …,本來 是 ， 但 那 是 在 妳 以前
其實 我 有 話 要 告訴 妳,好
我 以 為 你們 要 訂婚 了 …,本來 是 ， 但 那 是 在 妳 以前
妳 確定 妳 不 記得 跟 我 分手 的 那 時候 ？,怎麼 了 ？
但願 妳 不是 為 了 喝 熱 可可 才 進城 裡 來 的,其實 ， 我 六個月 前 就 搬回來 了
我 回去 念 藝術 學院 了,真的 ？ 沒 騙 我 ？
宋 妮 亞 跟 我 變成 了 朋友 我 問 了 她 關於 我們 的 事,真的 ？ 她 都 說 了 什麼 ？
真的 ？ 她 都 說 了 什麼 ？,她 說 你 現在 應該 沒有 女朋友
我們 要 不要 試試看 以前 沒 去過 的 地方 ？,新 的 餐廳 ？
新 的 餐廳 ？,當然
我 的 全部 身家 都 在 那 包 裡 了,放心 吧 ! 我 去 拿 !
我 是 莎 文 娜,約翰
你 在 當兵 還是,對 啊
什麼 兵種,陸軍 特種兵
爸爸 呢,在 那邊
我 的 朋友 約翰 這 是 艾倫,"艾倫 , 很 高興 認識 你"
你好 我 是 提 姆,我 是 約翰
聽說 你 是 特種兵,是 的
駐紮 在 布拉格堡 嗎,"不 , 在 德國"
這麼 說 馬上 要 走 了 嗎,是 的
旅途愉快,"謝謝 , 我會 的"
抱歉 打擾 你們 了 很 高興 認識 你,也 很 高興 認識 你 過來 兒子
嗨 你好 約翰,你好 艾倫
你 什麼 時候 回去,兩 周 後
你 的 工作 一定 很 驚險 吧,其實 更 多 的 是 無聊 大多數 時間 都 待 著 只是 偶爾 的 突襲 確實 很 驚險
你 有沒有 發現 月亮 在 升起 的 過程 中 特別 大 但 升 到 天空 中 後 卻 又 變小 了,那 是 眼睛 的 錯覺
你 是 怎麼 知道 的,不 記得 了
哇 你 能 自己 生火 啊,好 厲害
但 你 這樣 也 烤 不 熟 那個 熱狗 我 覺得 啦,我 覺得 這樣 很 好
我 真的 很 想 也許 我們 可以 一起 出去 吃 就讓 別人 煮 的 那種,好 啊 真的 嗎 ?
那 我 大概 六點 來 可以 嗎,嗯 好 好 的
那麼 明天 見 咯 ?,嗯 明天 見
我們 要 去 市區 吃 冰淇淋 送 你 一程 吧 ?,沒關係 不用 了 我 自己 走 就 行
亞倫 坐 過去 點兒 我們 出發 咯,"好 了 , 安全帶 綁 好 了"
你 來 這 鎮上 多久 了,我們 住 這 整整 一年 了
爸爸 我 晚上 不 在家 吃飯 了,我 做 了 焗 麵
在 這兒 你 能 吃 到 最好 的 海鮮,我 知道 我 以前 經常 來
你 確定 不 去 好 一點兒 的 地方 嗎,好 一點兒 ? 這兒 就 挺 好 的 嘛
你 爸爸 有沒有 因 為 你 回家 太晚 發飆,沒有 他 不是 那種 會 發飆 的 人
那 他 是 哪種 人,安靜 規律 的
那 你 媽媽 呢,沒有 我家 只有 我 和 我 爸爸
你 怎麼 這麼 多 問題 關心 我 父親,好奇 嘛 我 想 知道 你 是 什麼樣 的 人
我 想 見見 你 爸爸,就 今晚
你 開始 讓 我 有點 緊張 了,為 什麼 這樣 說 呢
不過 說實話 你 不 抽 煙 嗎 ?,不
也 不 喝酒,不
沒 聽 你 講 過,那 是 因 為 我 只 在 心 裡 抱怨
好 那 說 一個 聽聽,不行 不能 說 這 太 齷齪 了
你 以前 一定 很 凶悍,我 是 說 你 現在 還是 有點
你 沒有 嚇 到 我 約翰,哦 你 可 嚇 著 我 了
你 和 莎 文 娜 怎麼 了,別 煩 我 好 嗎
等等 你們 怎麼 啦,注意 點 把手 拿 開
你 現在 穩定下來 了 嗎,還 沒有
和 其他人 約會 了 嗎,"沒有 , 我 很少 有 假期"
我 想 你 一定 想 揍 我 一頓,我 不會 的
這 一切都是 我 的 計 畫,你 計 畫 過 嗎
情況 怎樣 ？,母親 嚎啕大哭 ， 舅舅 氣急敗壞
她 沒 結婚 ？,離婚 ， 有 四個 小孩
神父 呢 ？,他 留在 休息室
有 媒體 嗎 ？,公民 報 記者 ， 但 我們 打發 他 走 了
那 是 誰 ？,助理 檢察官
蛋糕 好吃 嗎 ？,挺 不賴
你 不吃 ？,不 ， 這 給 麥克
你 看 了 華盛頓 傳來 的 數據 ？,對 ， 很 有趣
你 認 為 卡希爾 知道 內情 ？,也許 ， 但 這 報導 恐怕 不 適合 我們
什麼 不 適合 焦點 小組 ？,警局 數據
卡希爾 問 出 話 了 ？,還 沒 ， 但 我會
樓上 怎樣 ？,還好
聽說 魯賓 和 康 納 要 去 時報,真的假 的 ？
拜倫 有待 過 波士頓 嗎 ？,我 想 他 從沒 來 過 ， 也許 該 買 個 地圖 送 他
新 老闆 是 來 裁員 的 ？,我 不 知道
你 是 波士頓 出身 ？,對 ， 在 這 裡 出生 和 長大
你們 賣 給 時報 後 感覺 有 改變 嗎 ？,沒有 ， 我 想 衝擊 不大
你 是 焦點 小組 的 主編 ？,我 寧願 自稱 是 選手 教練 ， 但 沒錯
你 熟悉 焦點 嗎 ？,不 ， 不盡然
你們 正在 調查 什麼 ？,我們 剛 揭發 一家 惡質 建 商
通常 需要 花 多久 ？,很難說 ， 幾個 月
那 你 預期 有 更 多 裁員 ？,大 可 這樣 假設
你 需要 多少 時間 ？,再 1 週
你 要 去 哪 裡 ？,10 點 半 會議
跟 拜倫 談 得 還好 嗎 ？,我 摸不透 他
你 要 怎麼弄 到 文件 ？,我 不 懂 當地 法律 ， 但 在 佛羅里達州 能 起訴
你 要 控告 教會 ？,嚴格說來 不算 控告 教會 ， 我們 是 聲 請調 閱 文件
情況 怎樣 ？,拜倫 想 聲 請調 閱 吉 根 案 的 文件
你們 覺得 控告 會 有 機會 ？,取決於 法官 還有 他 屬於 什麼 教區
我 跟 你 提到 的 波士頓 警局 報導 ， 那個 能 先 擱置 嗎 ？,也 行
妳 能 聯繫 他 嗎 ？,我 只 採訪 過 他 一次 ， 他 算是 怪 咖
所以 我們 放棄 波士頓 警局 案 了 ？,不 ， 是 暫時 擱置
奶奶 ， 妳 哪 時 要 離開 ？,9 點 有 巴士 在 教堂 停車場 接 我們
多米尼克 神父 會 去 嗎 ？,不 ， 他 說 他 沒 偏 財運
有 什麼 事 嗎 ？,我 想 挑戰 吉 根 案 的 保護 令
你 想 控告 天主教會 ？,我們 正在 提出 聲 請 ， 但 算 吧
我 來 找 米 契 加拉 貝 迪 恩,他 在 講 電話 ， 請 坐
比爾 ， 那些 文件 到底 在 哪 ？,我 叫 你 放在 我 桌上
妳 不 打 高爾夫球 吧 ？,不 打
幸會,幸會
你 熟悉 吉 根 案 嗎 ？,當然 ， 80 個 原告 ， 全 是 個案
難道 你 認 為 他 在 虛張聲勢 ？,我 認 為 他 在 譁 眾 取寵
你 是 誰 ？,我 是 波士頓 環球 報 的 麥克 瑞 茲 德
你 沒有 錄音 吧 ？,沒有 ， 我 要 錄 會 先 問
我 不能 給 你 看 教會 文件,我 知道
你 認 為 貴報 有 資源 對抗 教會 ？,對 ， 我 認 為
你們 要 做 教會 的 報導 ？,不 ， 我們 不 做 教會 的 報導
你 有 找到 菲爾 薩 維亞 諾 的 資料 嗎 ？,沒有 ， 他 是 誰 ？
妳 還要 多久 能 看 完 剪報 ？,幾天 吧 ， 有 一堆
有人 想要 食物 嗎 ？,我 不 餓
你們 還 查 到 什麼 ？,夏 莎 找到 一個 受害者 組織 的 人
羅比 說 麥 雷 許 認 為 他 在 虛張聲勢,我 認 為 不 只 如此 ， 班
新 主編 表現 怎樣 ？,他 不 喜歡 棒球 ， 但 他 似乎 是 聰明人
私底下 說 ？,私底下 我 也 不能 說
你 今天 為 什麼 來 公司 ？,檢查 薩 維亞 諾 的 剪報
所以 不理 他們 ？,我們 這次 要 開始 不理 任何人
我 讀 哈佛 時會 跟 尼 曼 學人 一起 聽課 ， 我 讀 到 你 曾當過 主編,對 ， 那 是 陳年 往事 了
我們 的 讀者 群 不 太高興 ， 他們 把 我 看作 愛管閒事 的 局外人,我 能 想像
你 幹嘛 老 是 重複 我 的話 ？,我 只是 想 釐清 事實
我 緊張 時會 狂 吃,其實 我 也 是
收到 請 回答,收到
確認 地點,六五 快速道路 北上 兩公里 處
你 確定 嗎,確定 啊
一起 吃 消夜,我 下班 有 約 了 ， 先 這樣
我 下班 有 約 了 ， 先 這樣,喂 ， 等 一下 啦
換 一台 新 的 吧,拜託 才 剛 換 耶 ， 開 不到 一個月
拜託 才 剛 換 耶 ， 開 不到 一個月,怎麼 可能
怎麼 可能,真的 ， 你 看
你 這樣 說話 好像 警察局 是 為 你 而 開 的,別 這麼 說 啦 ， 我們 這個 算是 警民 合作 最佳 典範
每次 都 要 給 我 添麻煩,不是 嘛 ， 我 怎麼 知道 會 遇到 這種 事情
要 不要 查 一下,這個 不是 一般 常識 嗎
這個 不是 一般 常識 嗎,還是 查 一下
乾杯 ， 一 起來,喝 喔 喝 喔
給 大家 介紹 一下 ， 這 是 我們 社會 線 的 新 召集人 小 齊,哇 ， 謝謝 大哥
小 三 本人 身材 好 嗎,還 可以 啦
沈 組長 還 沒 結婚 啊,不會 吧 ， 長 得 這麼 漂亮 會 沒有 對象
考慮一下 小 齊 嘛 ， 不錯 的 耶,噓 ， 不要 亂說話
又 跟 男朋友 吵架 啦,是不是 在 一起 久 了 ， 感情 就 會 變淡
是不是 在 一起 久 了 ， 感情 就 會 變淡,就 跟 你 說 和 他 分 一分 嘛
是不是 在 一起 久 了 ， 感情 就 會 變淡,每次 看 你 這個 樣子 我 都 覺得 很 難受 ， 你 明明 就 這麼 好 的
是不是 在 一起 久 了 ， 感情 就 會 變淡,你 明明 就 這麼 好 的 ， 你 適合 更好 的 ， 真的
嫂子 跟 小 吉 都 還好 嗎,好 啊 ， 不過 有 小孩 之後 生活 壓力 大
好 啊 ， 不過 有 小孩 之後 生活 壓力 大,我 壓力 也 很大 耶 ， 我 現在 變 無業遊民
要 我 送 你 回去 嗎,好 啦 ， 回去
請問 一下 ， 徐 愛 婷 有 在 嗎,阿 婷 沒有 住 在 這 啦
阿 婷 沒有 住 在 這 啦,那 她 現在 住 在 哪裏 啊
那 她 現在 住 在 哪裏 啊,你們 是 找 她 要 幹嘛
你們 是 找 她 要 幹嘛,我們 是 她 同學 ， 要 開 同學會 所以 過來 找 她
借問 一下 ， 這 相片 是 徐 愛 婷 嗎,你 剛 不是 說 你們 是 她 同學 ， 你 怎麼 不 認得
你 剛 不是 說 你們 是 她 同學 ， 你 怎麼 不 認得,國 小 畢業 之後 就 沒 看過 她 了 ， 不 知道 她 現在 變 這個 樣子
這個 茶 有 什麼 好 可疑 的 地方 嗎,我 老家 種 茶 的 ， 我 對 茶 很 熟 ， 像 這種 比賽 茶 一斤 要 七千 多塊
老闆,是 要 找 什麼 茶 嗎
是 要 找 什麼 茶 嗎,老闆 你好 ， 我 找 膨 風 茶
老闆 你好 ， 我 找 膨 風 茶,金 芯 的 ， 五色 的 那種
跟 你 打聽一下 ， 這位 小姐 有 來 你們 這 買 過 茶 嗎,好像 沒什麼 印象
跟 你 打聽一下 ， 這位 小姐 有 來 你們 這 買 過 茶 嗎,這 不 就是 張老師
那個 張老師 全 名叫 什麼,張老師 喔 ， 好像 叫做 張 惠 雯
年紀 大概 多 大,差不多 三十多歲
那 她 在 這 附近 住 多久 了,住 在 這裏 多久 喔 ， 也 沒有 很 深 的 印象
你 有 看到 肇事者 嗎,沒有 ， 我 醒來 的 時候 就 已經 在 醫院 了
這麼 多年 以前 的 事情 ， 你們 現在 問 要 幹嘛,我 只是 想 幫 你 查出 真相 ， 然後 抓 到 那個 肇事者
我 只是 想 幫 你 查出 真相 ， 然後 抓 到 那個 肇事者,我 沒有 要 知道 真相 ， 知道 又 怎樣
我 可以 留 你 的 聯絡 方式 嗎,你們 不要 再來 煩 我
哈羅,你好
不好意思 這麼晚 打 給 你,怎麼 了 嗎
怎麼 了 嗎,我 是 想 拜託 你 不要 跟 任何人 提到 今天 跟 我 見面 的 事
你 知道 張老師 住 哪 嗎,張老師 喔 ， 不 知道 耶 ， 我 看 她 都 是 走路 來 買 茶
她 是不是 住 這 附近,她 好像 有 房子 在 租 人 ， 還是 你 要 去 她 出租 房子 的 地方 看看
還是 你 要 去 她 出租 房子 的 地方 看看,好 啊 ， 你 有 地址 嗎
我 是 張老師 的 朋友 ， 請問 你 知道 她 住 在 哪裏 嗎,你 說 房東 喔
你 說 房東 喔,對
對,她 住 最後 一間 啊
可不可以 拜託 你 幫 我 查 個 資料,沒 辦法
沒 辦法,拜託 這 真的 很 急
拜託 這 真的 很 急,真的 沒 辦法 ， 王 組長 不在 我 沒 辦法
來 同學,老師 好
叫 什麼 名字,老師 叫 我 小 齊 就 好 了 ， 我 研究所 有 修 過 你 的 課
你 現在 有空 來 找 我 嗎 ， 我 有 事情 要 跟 你 說,怎麼 了
怎麼 了,電話 裏 不 方便 講 ， 是 關於 九年 前 的 事
你 現在 方便 來 找 我 嗎,好 ， 我 馬上 過去
我 記得 你 以前 是 開 黑色 賓士 ， 怎麼 後來 沒 開,早 換車 啦
可不可以 拜託 你 幫 我 查 個 資料,沒 辦法
沒 辦法,拜託 這 真的 很 急
拜託 這 真的 很 急,真的 沒 辦法
王先生 你 要 不要 留在 車上,沒關係 我 跟 你們 一起 找
不好意思 請問 一下,什麼 事
什麼 事,你 有沒有 看過 這個 女孩子
你 有沒有 看過 這個 女孩子,沒有 看過 耶
你 住 在 這裏,對 啊
你 怎麼 跑 來 這,我 找 人
你 一個 人 住 啊,對 啊
找 什麼 人,這 女生 ， 你 有 看過 嗎
這 女生 ， 你 有 看過 嗎,沒有
阿姨 早,早安
你 有沒有 幫 我 餵 阿,每天 都 有 幫 你 餵 啊
對不起,對不起 誰
對不起,你 也 知道 ， 你 對不起 我
你 來 啦,怎麼 喝 成 這樣
怎麼 喝 成 這樣,等 你 啊 ， 我 就 先 喝 了
等 你 啊 ， 我 就 先 喝 了,我 開車 不 喝 ， 我 可以 載 你 ， 你 喝 多 了
離職 提 了 沒,我 沒有 要 離職 啊
我 沒有 要 離職 啊,所以 你 是 不想 跟 我 到 部裏 去 了 是 嗎
所以 你 是 不想 跟 我 到 部裏 去 了 是 嗎,我 去 部裏 幹嘛
我 去 部裏 幹嘛 ， 反正 你 都 要 把 我 跟 小 齊 送 作 堆 了 ， 我 在 這邊 跟 他 培養感情,那 你們 是 查案 查 到 有 感情 了 是不是
那 你們 是 查案 查 到 有 感情 了 是不是,那天 晚上 ， 訊息 上 說 的 都 是 真的
那天 晚上 ， 訊息 上 說 的 都 是 真的,你們 真的 上床 了
你們 真的 上床 了,我 跟 他 上床 ， 關 你 什麼 事
二 零零 七年 八月 三十 號 ， 你 還 記得 是 什麼 日子 嗎,什麼 日子 啊
什麼 日子 啊,阿 吉 很 開心 的 日子 ， 那天 阿 吉 剛 跟 他 女朋友 求婚 ， 他 女朋友 還是 你 介紹 的
剛 調來 內勤 還 可以 嗎,很 好
很 好,加油 啊 ， 有 什麼 事 要 跟 我 講 喔
加油 啊 ， 有 什麼 事 要 跟 我 講 喔,嗯 ， 謝謝 老師
老師 ， 開 慢 一點,沒事 ， 可以 的
沒事 ， 可以 的,你 真的 可以 嗎
你 真的 可以 嗎,我 有 很 不行 嗎
我 有 很 不行 嗎,你 小心 一點 啦 老師
你 車 怎麼 撞成 這樣,我 酒 駕 撞 人 了 ， 你 要 幫 我
我 酒 駕 撞 人 了 ， 你 要 幫 我,不行 啦 ， 你 這樣 拖 我 下水
我 求求 你 ， 你 一定 要 幫 我,邱 哥 你 別 這樣
王 主任 ， 恭喜,嗨 ， 德 哥
邱 哥 交辦 的 事情 都 處理 好 了,確定 會 是 正當防衛
確定 會 是 正當防衛,瞭解 ， 謝謝 德 哥
確定 後續 不會 有 任何 問題 吧,我 拜託 的 事 就 再 麻煩 你們 羅
你 也 來 這裏 啊,對 呀 ， 帶 新人 來 拜拜 碼頭
你好,怎麼樣 ， 最近 過 得 好 嗎
怎麼樣 ， 最近 過 得 好 嗎,還好 啊 ， 邱 哥 把 我 安排 到 電視 台 工作 ， 薪水 應該 比 公關 室主任 高
弄 丟 東西 了 嗎,那 不是 我們 的 ， 我們 的 在 那邊
你 再 靠近 我 就要 跳 了,要不是 你 跳下去 有 可能 傷 到 下面 的 人 ， 我 就讓 你 跳 了
你 是 個 殺人犯,你 什麼 時候 知道 是 我 的
我們 得 走 了,我 哪 都 不 去
我 哪 都 不 去,沒 跟 你 說話
引爆 裝置 是 一只 對講機,這 意味著 炸彈 客 可能 就 在 附近 看 著
這 意味著 炸彈 客 可能 就 在 附近 看 著,對 于 病態 渴望 毀滅 的 人 而言 ， 想 看看 自己 的 成果 ， 并 不 罕見
我們 一會兒 回來,怎麼 了
這 是 警方 事務 ， 你 必須 留下,什麼 情況
什麼 情況,有 個 男人 形跡可疑 ， 我 跟 著 他 ， 他 逃 了
有 個 男人 形跡可疑 ， 我 跟 著 他 ， 他 逃 了,他 打 你 了 嗎
他 打 你 了 嗎,沒有 ， 我 是 被車撞 了 ， 所以 才 讓 他 逃 了
沒有 ， 我 是 被車撞 了 ， 所以 才 讓 他 逃 了,這 是 那輛車 嗎 ？
這 是 那輛車 嗎 ？,不是 ， 這輛 車 之前 就 在 這
你 真 覺得 你 追 的 那個 人 就是 炸彈 客,我 覺得 他 逼 我 非得 追 他 就 很 可疑 了
你們 是 警察 ， 解決 這件 事,好 吧
如果 這 不是 你 追 的 那個 人 ， 也 不是 開車 撞 了 你 的 那個 人 ， 你 為 什么 要 把 他 留在 這,因 為 我 追 的 那個 人 用 手扶 了 那里 ， 如果 他 是 本 森 赫 炸彈 客 ， 我們 就 能 得到 他 的 指紋
你 現在 成 了 側 寫 師 了 嗎,側 寫 師 必須 依靠 別人 的 記憶 ， 我 用 的 是 自己 的
你 成 為 偵探 也 快 五年 了,你 會 送 我 一個 蛋糕 嗎
你 會 送 我 一個 蛋糕 嗎,它 還 能 滿足 你 嗎
它 還 能 滿足 你 嗎,蛋糕 嗎
蛋糕 嗎,我們 選擇 的 職業
我們 選擇 的 職業,你 為 什麼 這樣 問 我
你 為 什麼 這樣 問 我,你 當 偵探 已經 四年 九個 月 零 十六天 了
你 當 偵探 已經 四年 九個 月 零 十六天 了,所以 呢
所以 呢,你 之前 當 康 戒 陪護 當 了 四年 十一個月 零 二十三 天
你 之前 當 康 戒 陪護 當 了 四年 十一個月 零 二十三 天,我 要 再 問 你 一遍 ， 所以 呢
我 要 再 問 你 一遍 ， 所以 呢,是 因 為 有 了 更好 的 職業 ， 問問 你 的 跳槽 癮 是否 過去 了
是 因 為 有 了 更好 的 職業 ， 問問 你 的 跳槽 癮 是否 過去 了,其實 你 說得對 ， 我 還 沒 當 過 建筑工人
其實 你 說得對 ， 我 還 沒 當 過 建筑工人,你 以 為 我 沒 聽懂 你 在 諷刺 我 是 鄉下人 ， 但 我 聽懂 了
我們 感興趣 的 是 今天 早上 ， 8 : 15 發生 的 法拉盛 的 炸彈 爆炸事件 ， 你 在 哪 裡,我 那時 在家 工作 ， 直到 午餐 后 才 離開
我 那時 在家 工作 ， 直到 午餐 后 才 離開,這 可 不算 很 好 的 不 在場 證明
這 可 不算 很 好 的 不 在場 證明,我 不 需要 不 在場 證明 我 沒 做 什么 錯事
你 必須 承認 ， 那 有點 奇怪,不 ， 我 不 承認 ， 因 為 我 什麼 都 沒 做
你 記得 我 嗎,我 怎麼 可能 忘
我 怎麼 可能 忘,見到 你 真 好 ， 醫生
見到 你 真 好 ， 醫生,你 現在 直接 叫 我 喬 恩 吧 ， 我 放棄 醫生 的 職位 有 一陣子 了
我 現在 和 警察 一起 工作,醫學 案件 嗎
醫學 案件 嗎,各種 都 做 ， 說來 話 就 長 了
各種 都 做 ， 說來 話 就 長 了,我 猜 也 是
聽 著 ， 我 想 問 你 一個 人 ， 內 森 · 里 索,我 記得 他
我 記得 他,你們 熟 嗎
你們 熟 嗎,怎麼 了
怎麼 了,今 早 法拉盛 一個 公園 發生 了 爆炸 ， 他 是 嫌疑人
今 早 法拉盛 一個 公園 發生 了 爆炸 ， 他 是 嫌疑人,等等 ， 所以 你 認 為 他 是 炸彈 客
等等 ， 所以 你 認 為 他 是 炸彈 客,你們 倆 有 多 熟
你們 倆 有 多 熟,不 太 熟
不 太 熟,所以 你們 不算 朋友
所以 你們 不算 朋友 ， 他 從沒 說 過關 于 本 森 赫 炸彈 客 的 任何 事 嗎,沒 對 我 說 過
沒 對 我 說 過,好 吧
話 說 ， 你 已經 出來 幾周 了 ， 還好 嗎,我 住 在 臨 租房 ， 給 人 倒 吐 痰桶 為 生
這些 垃圾桶 昨天 是 空 的 嗎,現在 不是 了
現在 不是 了,我 連 垃圾 都 不能 倒 了 嗎
我 連 垃圾 都 不能 倒 了 嗎,正相反 ， 我 鼓勵 您 倒 ， 垃圾桶 里 總是 能 讓 人 找到 驚喜
我 回來 是 因 為 我 仍然 認 為 你 就是 炸彈 客,你 什麼 都 沒 找到 ， 你 還 想要 什麼
一棟 你 名下 半 完工 的 公寓 住宅 ， 被 燒 得 精光,我 十個月 的 辛勞 付之一炬
我 十個月 的 辛勞 付之一炬,于是 你 獲得 了 220 萬美元 的 賠償金
于是 你 獲得 了 220 萬美元 的 賠償金,那場 火 是 個 意外
那場 火 是 個 意外,真是 個 相當 賺錢 ， 相當 湊巧 的 意外 啊
真是 個 相當 賺錢 ， 相當 湊巧 的 意外 啊,好 吧 ， 就 當 你 說 對 了 ， 我 燒 了 那棟 樓 ， 這 跟 引爆 炸彈 又 有 什么 關 系
好 吧 ， 就 當 你 說 對 了 ， 我 燒 了 那棟 樓 ， 這 跟 引爆 炸彈 又 有 什么 關 系,也許 你 喜歡 那種 感覺 ， 你 毀滅 的 欲望
也許 你 喜歡 那種 感覺 ， 你 毀滅 的 欲望,你 瘋 了
我 沒 放 那 火 ， 也 沒有 造 過 炸彈,在 網路上 能夠 輕 松 找到 解決困難 的 方法
在 網路上 能夠 輕 松 找到 解決困難 的 方法,行 ， 你 想要 繼續 跟 我 浪費 你 的 時間
行 ， 你 想要 繼續 跟 我 浪費 你 的 時間 ， 請便,我們 會 的
我們 能 不能 認 為 你 知道 本 森 赫 炸彈 客 的 事,當然 ， 怎麼 了
當然 ， 怎麼 了,案子 上 有 了 一些 新 的 進展 ， 目前 ， 內 森 是 我們 最大 的 嫌疑人
案子 上 有 了 一些 新 的 進展 ， 目前 ， 內 森 是 我們 最大 的 嫌疑人,你 在 開玩笑 吧
你 在 開玩笑 吧,你 說 他 不 一樣 了
你 說 他 不 一樣 了,他 是 不 一樣 ， 但 不至於 搞 爆炸 什麼 的
他 是 不 一樣 ， 但 不至於 搞 爆炸 什麼 的,你 知道 他 昨天早上 八點 十五分 在 哪里 嗎
你 知道 他 昨天早上 八點 十五分 在 哪里 嗎,當然 不 知道 ， 我們 分居 了
我 想 跟 你 談談 內 特里 索 的 事 ， 他 也 是從 大 草甸 監獄 出來 的,他 現在 出獄 了 ， 跟 我 一樣 ， 但 我們 在 里面 的 時候 ， 他 被 分 到 了 內特 的 牢 區
要是 你 有 時間 ， 我 很 想 跟 你 聊聊,當然 可以 ， 有 什麼 特別 的 事 嗎
當然 可以 ， 有 什麼 特別 的 事 嗎,你 怎麼 轉變 的 ， 從 醫生 到 這個 ， 肯定 不 容易 吧
你 怎麼 轉變 的 ， 從 醫生 到 這個 ， 肯定 不 容易 吧,是 不 容易
是 不 容易,你 現在 看起來 很 好 ， 我 也 在 嘗試 改變
你們 想 知道 內特 的 事 ， 他 做 了 什么 壞事 嗎,你們 在 大 草甸 監獄 有 過 交集
你 因 為 襲擊 他人 被判 入獄 的 時間 ， 跟 他 因 過失殺人 進去 的 時間 差不多,所以 呢
所以 呢,你們 是 獄友 中 的 好 伙伴 ， 對 吧
你們 是 獄友 中 的 好 伙伴 ， 對 吧,我們 是 朋友 ， 如果 你 問 的 是 這個
我們 是 朋友 ， 如果 你 問 的 是 這個,你們 還是 朋友 ， 對 吧
你們 認 為 內特 是 本 森 赫 炸彈 客,因 為 他 昨天 從 爆炸 現場 逃走 了 ， 所以 他 是 我們 首要 懷疑對象
我 沒什麼 好 說 的,這 並 不 代表 你 不 知道
沒有 一條 可用 證據 能 證明 他 跟 爆炸 有關,沒錯 ， 他 在 第二次 爆炸 現場 逃走 了
沒錯 ， 他 在 第二次 爆炸 現場 逃走 了,但 一個 有 前科 的 人 看到 跟 警方 合作 的 人 會 跑 ， 這 其中 的 理由 我 能 列出 一 打來
開 個 鎖 要 花 兩分 半 鐘 ， 你 技藝 生疏 了,事實上 ， 菲爾德 先生 裝 了 一個 商用 級 的 雙筒 鈦 門栓 ， 兩分 半 鐘 已經 是 最好 記錄 了
房子 很 簡樸 ， 門鎖 倒 很 先進,看起來 進一步 證明 了 ， 他 是 一個 有 秘密 的 人
昨天 你 說 我 看起來 心情 不好 ， 為 什麼 這麼 說,倒 不是 因 為 你 說 了 什麼 ， 我們 同 住 一個 屋檐下 將近 五年 ， 我 能 感覺 到
抱歉 讓 你 久等 了,我 已經 在 這 待 了 有 倆 小時 了
我 跟 你們 說 了 我 沒有 跟 內 森 合謀,我們 知道 你 是 在 為 他 工作
我 炸 東西 是 因 為 我 必須 如此 ， 因 為 我 有 病,你 想 騙 我們 ， 因 為 你 覺得 你 的 家人 還 能 等 著 享受 你 的 分成
你好 啊 醫生,你 怎麼 來 了
你 怎麼 來 了,我 只是 在 想 你 那天 問 我 的 事
你 只要 答應 保證 公共 區域 乾 凈 ， 幫 住戶 簡單 修修 東西 就 行,房東 知道 我 有 犯罪 記錄 吧
房東 知道 我 有 犯罪 記錄 吧,是 的 ， 他 知道 ， 他 和 我 妹妹 是 朋友 ， 她 替 你 擔保 了
是 的 ， 他 知道 ， 他 和 我 妹妹 是 朋友 ， 她 替 你 擔保 了,我 認識 你
我 認識 你,就 這麼 簡單 嗎
就 這麼 簡單 嗎,有時候 就 這麼 簡單
你 不會 殺 我,你 為 什麼 這麼 想 ， 福爾摩斯
你 為 什麼 這麼 想 ， 福爾摩斯,你 不是 會 到處 胡鬧 的 人
你 的 朋友 嗎,這 三個 是 我 的 手下
走私犯 嗎,他 幫 我 帶 東西 進入 美國 ， 那些 我 生意 需要 的 東西
那 是 誰 幹 的,五個 或者 更 多 的 襲擊者 ， 可能 有 軍隊 背景
你 要 多久 才能 給 我 兇手 的 名字,我 不 知道 ， 不過 更 重要 的 是 ， 我 也 還 沒 打算 告訴 你
我 不 知道 ， 不過 更 重要 的 是 ， 我 也 還 沒 打算 告訴 你,我 還 以 為 你 很 聰明 ， 福爾摩斯 ， 這 工作 可不是 你 能 拒絕 的
每天 一千塊 怎麼樣,我 不 想要 你 的 錢 ， 我 希望 你 用 消息 來 跟 我 換
我 不 想要 你 的 錢 ， 我 希望 你 用 消息 來 跟 我 換,你 想要 什麼
你 想要 什麼,跟 你 一樣 ， 一個 名字
有人 在 賣 添加 了 芬 太 奴 的 海洛因 ， 你 想 知道 是 誰 在 賣,你 答應 為 一個 毒販 工作 ， 為 了 交換 另 一個 毒販 的 名字 嗎
你 答應 為 一個 毒販 工作 ， 為 了 交換 另 一個 毒販 的 名字 嗎,是 的
那個 是 實時 監控 嗎,對 本地 一家 直升機 服務商 欠 我 一些 人情
你 昨晚 跟 辛 維爾 的 會面 如何,挺 好 的 ， 他 準備 租下 公寓 ， 中午 他 會 跟 我 見面
你 想 告訴 我 ， 我們 為 什麼 要 看 一堆 船 嗎,昨晚 ， 我 在 灰塵 中 看到 一個 鞋印
昨晚 ， 我 在 灰塵 中 看到 一個 鞋印,韓國 的 嗎
韓國 的 嗎,是 朝鮮 的 ， 這 很 重要
我 都 承認 ， 但 都 是 我 自己 幹 的 ， 跟 別人 無關,那 雷 托雷斯 的 謀殺 呢 ， 那 也 是 你 自己 幹 的 嗎
那 雷 托雷斯 的 謀殺 呢 ， 那 也 是 你 自己 幹 的 嗎,對 ， 只有 我 ， 我 開槍 打死 了 他
對 ， 只有 我 ， 我 開槍 打死 了 他,我們 的 顧問 說 至少 有 五個 襲擊者 ， 所以 是 誰 幫 了 你
你 用 的 是 哪種 槍,一把 70 型 手槍 ， 我 把 它 扔 到 海里 了
一把 70 型 手槍 ， 我 把 它 扔 到 海里 了,口徑 不 對
我 不能 供 出 我 的 雇主 ， 他們 會 傷害 我 的 家人,我們 只 想要 真相 ， 船長
他們 撬開 了 我 的 保險箱 拿走 了 里面 的 東西,什麼 東西
什麼 東西,一個 盒子 ， 一個 鎖住 的 鐵盒子 ， 是 國內 一個 非常 重要 的 人 給 的
一個 盒子 ， 一個 鎖住 的 鐵盒子 ， 是 國內 一個 非常 重要 的 人 給 的,政黨 官員 嗎
政黨 官員 嗎,他 不肯 告訴 我 盒子 里 裝 的 什麼
怎麼 了,這 是 派克 船長 的 手機 ， 他 讓 他 的 手下 跟蹤 雷 · 托雷斯 快 有 一周 了
我 覺得 是 藏嬌 的 金屋 ， 一個 給 情婦 住 的 家,托雷斯 還 沒 結婚 ， 有 什麼 好 藏 的
托雷斯 還 沒 結婚 ， 有 什麼 好 藏 的,對 你 來說 ， 答案 要 稍后 揭曉 了
有 什麼 事 嗎,你 是 雲 靜 怡 嗎
你 是 雲 靜 怡 嗎,沒 人 叫 我 中文 名字 ， 我 媽 都 不 這麼 叫
喬 恩 · 華 生 醫生 ， 我們 能 談談 嗎,有 什麼 麻煩 嗎
我 有 什么 能 幫 你 的,我 的 合伙人 和 我 想要 跟 您 做 筆 交易
我們 注意 到 您 的 同伴 ， 福爾摩斯 先生 正在 尋找 某個 東西,這個 東西 是 個 鐵盒子 嗎
你 覺得 他 是 因 為 這個 原因 ， 才 對 這個 地方 那么 保密 的 嗎,他 是不是 不 希望 他 在 馬拉 三角 幫 的 合伙人 知道 他 的 性取向
他 是不是 不 希望 他 在 馬拉 三角 幫 的 合伙人 知道 他 的 性取向,他們 發現 了 嗎
他們 發現 了 嗎,所以 他 才 死 了 嗎
所以 他 才 死 了 嗎,是 那些 恐 同 的 瘋子 們 殺 了 雷 嗎
是 那些 恐 同 的 瘋子 們 殺 了 雷 嗎,我們 不 認 為 是 這 么 回事
你 知道 關 于 一個 鐵盒子 的 事 嗎,那 東西 可能 在 最近 一周 左右 在 雷 的 手上
你 知道 里 邊 是 什么 嗎,他 曾 把 它 放在 那邊 的 桌子 上
這個 綠 石頭 ， 它 有沒有 一個 方形 底座 ， 邊長 大概 十 到 十二 厘米,聽 起來 應該 差不多
假設 雷 拿到 的 是 真貨,他 說 的 對 ， 那 綠 石頭 確實 值 大錢
他 說 的 對 ， 那 綠 石頭 確實 值 大錢,事實上 中國 帝王 曾 想 用 十五 座 城 換 它
很 有 可能 雷 偷走 了 一個 人類 歷史 上 最 珍貴 的 失蹤 物件,這 么 看 的話 ， 五千萬 買 皇帝 的 玉璽 似乎 出價 有點 低
如果 在 托雷斯 盒子 里 的 是 真的 玉璽,那 我 同意 ， 但是 已經 有 上千年 沒 人 見 過 那 東西 了
那 我 同意 ， 但是 已經 有 上千年 沒 人 見 過 那 東西 了,有人 覺得 是 真的 ， 不然 他們 不會 提出 八位數 的 傭 金
他們 自報家門 了 嗎,沒有 ， 但 從 他們 的 口音 來 判斷 應該 是 臺灣人
沒有 ， 但 從 他們 的 口音 來 判斷 應該 是 臺灣人,那個 仍然 自稱 為 中華民國 的 國家 嗎
如果 臺灣人 得到 了 玉璽 ， 他們 可能 是 想 宣傳 大規模 的 政變,我們 應該 接受 他們 的 開價 嗎
我們 應該 接受 他們 的 開價 嗎,馬拉 三角 幫 顯然 不 知道 ， 玉璽 已經 從 雷 的 倉庫 里 被 偷走 了
誰 找到 歸誰 嗎,如果 你 愿意 我們 可以 把 錢 捐給 慈善會
如果 你 愿意 我們 可以 把 錢 捐給 慈善會,那樣 也好
如果 把 玉璽 交給 臺灣人 會 增加 臺灣 與 大陸 的 緊張 氣氛,我 可 不想 引起 中國 的 第二次 國內戰爭
我 可 不想 引起 中國 的 第二次 國內戰爭,臺灣人 是 怎么 知道 玉璽 的
臺灣人 是 怎么 知道 玉璽 的,你 都 沒 跟 他們 說 過
你 都 沒 跟 他們 說 過,我 估計 他們 也 是 雷 的 潛在 買家 也 在 調查 他 的 死因
殺死 他 的 人 已經 拿到 玉璽 了,可能 是 其他 買家 ， 對 吧
可能 是 其他 買家 ， 對 吧,只有 買家 才 知道 托雷斯 有 玉璽
他 跟 潛在 買家 們 在 他 出租 的 ， 一處 房產 里 當面 見 過,如果 我們 能 找出 是 哪 一處 ， 我們 也許 就 能 找到 目擊者
我 打算 說服 老板 把 送 餐 地址 給 我,怎么 說服
每個 人 都 有 一個 價碼,我們 已經 知道 了 ， 你 的 價碼 是 五千萬
我們 已經 知道 了 ， 你 的 價碼 是 五千萬,希望 BVP 餐飲 的 價碼 會 低 一點
